[{"model": "admin.logentry", "pk": 1, "fields": {"action_time": "2023-10-28T13:23:52.051Z", "user": 1, "content_type": 4, "object_id": "1", "object_repr": "sherry", "action_flag": 2, "change_message": "[{\"changed\": {\"fields\": [\"First name\", \"Last name\"]}}]"}}, {"model": "admin.logentry", "pk": 2, "fields": {"action_time": "2023-10-28T13:25:29.781Z", "user": 1, "content_type": 4, "object_id": "2", "object_repr": "devondev", "action_flag": 1, "change_message": "[{\"added\": {}}]"}}, {"model": "admin.logentry", "pk": 3, "fields": {"action_time": "2023-10-28T13:48:19.843Z", "user": 1, "content_type": 7, "object_id": "8034014b-187c-491d-b2e0-6d1d2982ee68", "object_repr": "Project object (8034014b-187c-491d-b2e0-6d1d2982ee68)", "action_flag": 1, "change_message": "[{\"added\": {}}]"}}, {"model": "admin.logentry", "pk": 4, "fields": {"action_time": "2023-10-28T13:48:38.585Z", "user": 1, "content_type": 7, "object_id": "629ad320-41c5-47dd-9414-5b916b2e8a90", "object_repr": "Project object (629ad320-41c5-47dd-9414-5b916b2e8a90)", "action_flag": 1, "change_message": "[{\"added\": {}}]"}}, {"model": "admin.logentry", "pk": 5, "fields": {"action_time": "2023-10-28T13:49:34.430Z", "user": 1, "content_type": 7, "object_id": "52381709-3ad6-4b6d-8896-fdd1388ebd2f", "object_repr": "Project object (52381709-3ad6-4b6d-8896-fdd1388ebd2f)", "action_flag": 1, "change_message": "[{\"added\": {}}]"}}, {"model": "admin.logentry", "pk": 6, "fields": {"action_time": "2023-10-28T21:55:11.633Z", "user": 1, "content_type": 8, "object_id": "8ad1f7d5-fa1d-44cb-980b-1584fc149a23", "object_repr": "React", "action_flag": 1, "change_message": "[{\"added\": {}}]"}}, {"model": "admin.logentry", "pk": 7, "fields": {"action_time": "2023-10-28T21:55:26.587Z", "user": 1, "content_type": 8, "object_id": "84a48269-6d88-4c13-9098-1d6bb01a6f4b", "object_repr": "Django", "action_flag": 1, "change_message": "[{\"added\": {}}]"}}, {"model": "admin.logentry", "pk": 8, "fields": {"action_time": "2023-10-28T21:55:45.605Z", "user": 1, "content_type": 8, "object_id": "333fa92d-ba52-41c7-82a1-3193ae3b41e4", "object_repr": "Python", "action_flag": 1, "change_message": "[{\"added\": {}}]"}}, {"model": "admin.logentry", "pk": 9, "fields": {"action_time": "2023-10-28T21:56:03.736Z", "user": 1, "content_type": 8, "object_id": "16a484ab-33d4-4aa9-a24a-c10a4c3ad1a5", "object_repr": "JavaScript", "action_flag": 1, "change_message": "[{\"added\": {}}]"}}, {"model": "admin.logentry", "pk": 10, "fields": {"action_time": "2023-10-28T21:56:50.271Z", "user": 1, "content_type": 7, "object_id": "8034014b-187c-491d-b2e0-6d1d2982ee68", "object_repr": "Ecommerce Website", "action_flag": 2, "change_message": "[{\"changed\": {\"fields\": [\"Tags\"]}}]"}}, {"model": "admin.logentry", "pk": 11, "fields": {"action_time": "2023-10-28T21:58:43.814Z", "user": 1, "content_type": 9, "object_id": "c5d6d11a-f32e-4392-a9c4-919fa83a63bc", "object_repr": "up", "action_flag": 1, "change_message": "[{\"added\": {}}]"}}, {"model": "admin.logentry", "pk": 12, "fields": {"action_time": "2023-10-28T21:59:14.217Z", "user": 1, "content_type": 7, "object_id": "52381709-3ad6-4b6d-8896-fdd1388ebd2f", "object_repr": "Dev Social Network", "action_flag": 2, "change_message": "[{\"changed\": {\"fields\": [\"Tags\"]}}]"}}, {"model": "admin.logentry", "pk": 13, "fields": {"action_time": "2023-10-28T21:59:30.226Z", "user": 1, "content_type": 7, "object_id": "629ad320-41c5-47dd-9414-5b916b2e8a90", "object_repr": "Portfolio Website", "action_flag": 2, "change_message": "[{\"changed\": {\"fields\": [\"Tags\"]}}]"}}, {"model": "admin.logentry", "pk": 14, "fields": {"action_time": "2023-10-28T21:59:39.472Z", "user": 1, "content_type": 7, "object_id": "629ad320-41c5-47dd-9414-5b916b2e8a90", "object_repr": "Portfolio Website", "action_flag": 2, "change_message": "[{\"changed\": {\"fields\": [\"Tags\"]}}]"}}, {"model": "admin.logentry", "pk": 15, "fields": {"action_time": "2023-10-29T00:18:47.483Z", "user": 1, "content_type": 7, "object_id": "1be9bd16-d45b-4374-ac5b-6162f1c53850", "object_repr": "Blackjack CLI", "action_flag": 1, "change_message": "[{\"added\": {}}]"}}, {"model": "admin.logentry", "pk": 16, "fields": {"action_time": "2023-10-29T00:20:16.722Z", "user": 1, "content_type": 7, "object_id": "15b4996b-5e5e-4ee0-ab50-f5d5451ba495", "object_repr": "Django CRM", "action_flag": 1, "change_message": "[{\"added\": {}}]"}}, {"model": "admin.logentry", "pk": 17, "fields": {"action_time": "2023-10-29T00:20:48.582Z", "user": 1, "content_type": 7, "object_id": "8034014b-187c-491d-b2e0-6d1d2982ee68", "object_repr": "Ecommerce Website", "action_flag": 2, "change_message": "[{\"changed\": {\"fields\": [\"Vote total\", \"Vote ratio\"]}}]"}}, {"model": "admin.logentry", "pk": 18, "fields": {"action_time": "2023-10-29T00:21:09.293Z", "user": 1, "content_type": 7, "object_id": "629ad320-41c5-47dd-9414-5b916b2e8a90", "object_repr": "Portfolio Website", "action_flag": 2, "change_message": "[{\"changed\": {\"fields\": [\"Vote total\", \"Vote ratio\"]}}]"}}, {"model": "admin.logentry", "pk": 19, "fields": {"action_time": "2023-10-29T00:21:39.221Z", "user": 1, "content_type": 7, "object_id": "52381709-3ad6-4b6d-8896-fdd1388ebd2f", "object_repr": "Dev Social Network", "action_flag": 2, "change_message": "[{\"changed\": {\"fields\": [\"Vote total\", \"Vote ratio\"]}}]"}}, {"model": "admin.logentry", "pk": 20, "fields": {"action_time": "2023-10-29T00:59:36.888Z", "user": 1, "content_type": 9, "object_id": "0e5e1947-be67-47b0-a5a4-f31b667c45b5", "object_repr": "up", "action_flag": 1, "change_message": "[{\"added\": {}}]"}}, {"model": "admin.logentry", "pk": 21, "fields": {"action_time": "2023-10-29T01:00:30.097Z", "user": 1, "content_type": 9, "object_id": "faeabb83-1774-43d7-a2c7-ae2fd985e3d8", "object_repr": "down", "action_flag": 1, "change_message": "[{\"added\": {}}]"}}, {"model": "admin.logentry", "pk": 22, "fields": {"action_time": "2023-10-30T04:23:02.016Z", "user": 1, "content_type": 7, "object_id": "8034014b-187c-491d-b2e0-6d1d2982ee68", "object_repr": "Ecommerce Website", "action_flag": 2, "change_message": "[{\"changed\": {\"fields\": [\"Featured image\"]}}]"}}, {"model": "admin.logentry", "pk": 23, "fields": {"action_time": "2023-10-30T04:27:38.524Z", "user": 1, "content_type": 7, "object_id": "8034014b-187c-491d-b2e0-6d1d2982ee68", "object_repr": "Ecommerce Website", "action_flag": 2, "change_message": "[{\"changed\": {\"fields\": [\"Featured image\"]}}]"}}, {"model": "admin.logentry", "pk": 24, "fields": {"action_time": "2023-10-30T04:36:45.041Z", "user": 1, "content_type": 7, "object_id": "8034014b-187c-491d-b2e0-6d1d2982ee68", "object_repr": "Ecommerce Website", "action_flag": 2, "change_message": "[{\"changed\": {\"fields\": [\"Featured image\"]}}]"}}, {"model": "admin.logentry", "pk": 25, "fields": {"action_time": "2023-11-02T23:18:00.711Z", "user": 1, "content_type": 7, "object_id": "e835bd54-7b94-4c9e-98e2-c4ed355ec46f", "object_repr": "Dev Social Network", "action_flag": 2, "change_message": "[{\"changed\": {\"fields\": [\"Featured image\"]}}]"}}, {"model": "admin.logentry", "pk": 26, "fields": {"action_time": "2023-11-02T23:18:12.672Z", "user": 1, "content_type": 7, "object_id": "e835bd54-7b94-4c9e-98e2-c4ed355ec46f", "object_repr": "Dev Social Network", "action_flag": 2, "change_message": "[{\"changed\": {\"fields\": [\"Featured image\"]}}]"}}, {"model": "admin.logentry", "pk": 27, "fields": {"action_time": "2023-11-02T23:20:05.651Z", "user": 1, "content_type": 7, "object_id": "e835bd54-7b94-4c9e-98e2-c4ed355ec46f", "object_repr": "Dev Social Network", "action_flag": 2, "change_message": "[{\"changed\": {\"fields\": [\"Featured image\"]}}]"}}, {"model": "admin.logentry", "pk": 28, "fields": {"action_time": "2023-11-03T07:15:13.613Z", "user": 1, "content_type": 7, "object_id": "e835bd54-7b94-4c9e-98e2-c4ed355ec46f", "object_repr": "Dev Social Network", "action_flag": 2, "change_message": "[{\"changed\": {\"fields\": [\"Demo link\"]}}]"}}, {"model": "admin.logentry", "pk": 29, "fields": {"action_time": "2023-11-03T07:15:54.702Z", "user": 1, "content_type": 7, "object_id": "e835bd54-7b94-4c9e-98e2-c4ed355ec46f", "object_repr": "Dev Social Network", "action_flag": 2, "change_message": "[{\"changed\": {\"fields\": [\"Demo link\", \"Source link\"]}}]"}}, {"model": "admin.logentry", "pk": 30, "fields": {"action_time": "2023-11-03T07:24:16.374Z", "user": 1, "content_type": 7, "object_id": "e835bd54-7b94-4c9e-98e2-c4ed355ec46f", "object_repr": "Dev Social Network", "action_flag": 2, "change_message": "[{\"changed\": {\"fields\": [\"Demo link\"]}}]"}}, {"model": "admin.logentry", "pk": 31, "fields": {"action_time": "2023-11-03T08:51:43.714Z", "user": 1, "content_type": 10, "object_id": "fc8e4cff-0ce7-4767-80b9-fb842be4f9c9", "object_repr": "dvvid", "action_flag": 1, "change_message": "[{\"added\": {}}]"}}, {"model": "admin.logentry", "pk": 32, "fields": {"action_time": "2023-11-03T08:52:14.302Z", "user": 1, "content_type": 10, "object_id": "7624eaf1-be1a-4e57-9f6d-acc82fac12db", "object_repr": "devondev", "action_flag": 1, "change_message": "[{\"added\": {}}]"}}, {"model": "admin.logentry", "pk": 33, "fields": {"action_time": "2023-11-03T08:54:23.410Z", "user": 1, "content_type": 10, "object_id": "691819c4-4b88-4a82-84cd-06cded48b832", "object_repr": "johndoe", "action_flag": 1, "change_message": "[{\"added\": {}}]"}}, {"model": "admin.logentry", "pk": 34, "fields": {"action_time": "2023-11-03T08:59:21.309Z", "user": 1, "content_type": 7, "object_id": "e835bd54-7b94-4c9e-98e2-c4ed355ec46f", "object_repr": "Dev Social Network", "action_flag": 2, "change_message": "[{\"changed\": {\"fields\": [\"Owner\"]}}]"}}, {"model": "admin.logentry", "pk": 35, "fields": {"action_time": "2023-11-03T08:59:30.519Z", "user": 1, "content_type": 7, "object_id": "8034014b-187c-491d-b2e0-6d1d2982ee68", "object_repr": "Mobile App Site", "action_flag": 2, "change_message": "[{\"changed\": {\"fields\": [\"Owner\"]}}]"}}, {"model": "admin.logentry", "pk": 36, "fields": {"action_time": "2023-11-04T15:53:29.962Z", "user": 1, "content_type": 10, "object_id": "fc8e4cff-0ce7-4767-80b9-fb842be4f9c9", "object_repr": "dvvid", "action_flag": 2, "change_message": "[{\"changed\": {\"fields\": [\"Bio\"]}}]"}}, {"model": "admin.logentry", "pk": 37, "fields": {"action_time": "2023-11-04T15:53:47.604Z", "user": 1, "content_type": 10, "object_id": "7624eaf1-be1a-4e57-9f6d-acc82fac12db", "object_repr": "devondev", "action_flag": 2, "change_message": "[{\"changed\": {\"fields\": [\"Bio\"]}}]"}}, {"model": "admin.logentry", "pk": 38, "fields": {"action_time": "2023-11-04T15:53:51.933Z", "user": 1, "content_type": 10, "object_id": "fc8e4cff-0ce7-4767-80b9-fb842be4f9c9", "object_repr": "dvvid", "action_flag": 2, "change_message": "[]"}}, {"model": "admin.logentry", "pk": 39, "fields": {"action_time": "2023-11-04T15:55:59.237Z", "user": 1, "content_type": 10, "object_id": "691819c4-4b88-4a82-84cd-06cded48b832", "object_repr": "johndoe", "action_flag": 2, "change_message": "[{\"changed\": {\"fields\": [\"Bio\"]}}]"}}, {"model": "admin.logentry", "pk": 40, "fields": {"action_time": "2023-11-04T22:35:21.498Z", "user": 1, "content_type": 10, "object_id": "fc8e4cff-0ce7-4767-80b9-fb842be4f9c9", "object_repr": "dvvid", "action_flag": 2, "change_message": "[{\"changed\": {\"fields\": [\"Email\", \"Location\"]}}]"}}, {"model": "admin.logentry", "pk": 41, "fields": {"action_time": "2023-11-04T22:35:44.569Z", "user": 1, "content_type": 11, "object_id": "b54d85a7-ec8a-428f-a385-4fd7891bace8", "object_repr": "React", "action_flag": 1, "change_message": "[{\"added\": {}}]"}}, {"model": "admin.logentry", "pk": 42, "fields": {"action_time": "2023-11-04T22:36:09.069Z", "user": 1, "content_type": 11, "object_id": "46672855-ce7b-40de-a65a-8046571cee9a", "object_repr": "JavaScript", "action_flag": 1, "change_message": "[{\"added\": {}}]"}}, {"model": "admin.logentry", "pk": 43, "fields": {"action_time": "2023-11-04T22:36:35.252Z", "user": 1, "content_type": 11, "object_id": "46672855-ce7b-40de-a65a-8046571cee9a", "object_repr": "JavaScript", "action_flag": 2, "change_message": "[{\"changed\": {\"fields\": [\"Owner\"]}}]"}}, {"model": "admin.logentry", "pk": 44, "fields": {"action_time": "2023-11-04T22:36:54.203Z", "user": 1, "content_type": 11, "object_id": "50bc62cb-addc-451a-b099-6778f6fc18bb", "object_repr": "Python", "action_flag": 1, "change_message": "[{\"added\": {}}]"}}, {"model": "admin.logentry", "pk": 45, "fields": {"action_time": "2023-11-04T22:37:03.514Z", "user": 1, "content_type": 11, "object_id": "e1357411-f2e9-4cf7-98c1-9344f9463650", "object_repr": "Django", "action_flag": 1, "change_message": "[{\"added\": {}}]"}}, {"model": "admin.logentry", "pk": 46, "fields": {"action_time": "2023-11-04T22:37:21.675Z", "user": 1, "content_type": 11, "object_id": "0de6db43-d649-475f-9513-e15942c29a28", "object_repr": "Bootstrap", "action_flag": 1, "change_message": "[{\"added\": {}}]"}}, {"model": "admin.logentry", "pk": 47, "fields": {"action_time": "2023-11-04T22:37:33.895Z", "user": 1, "content_type": 11, "object_id": "1c5add28-9bad-400a-9b46-9678204815e5", "object_repr": "C#", "action_flag": 1, "change_message": "[{\"added\": {}}]"}}, {"model": "admin.logentry", "pk": 48, "fields": {"action_time": "2023-11-04T22:37:41.901Z", "user": 1, "content_type": 11, "object_id": "dffe498e-6976-4d9e-b42c-2e754ebe9f20", "object_repr": "Unity", "action_flag": 1, "change_message": "[{\"added\": {}}]"}}, {"model": "admin.logentry", "pk": 49, "fields": {"action_time": "2023-11-04T22:38:02.842Z", "user": 1, "content_type": 11, "object_id": "fa5beee5-1d79-4651-9fcf-e1fef7862622", "object_repr": "Agile", "action_flag": 1, "change_message": "[{\"added\": {}}]"}}, {"model": "admin.logentry", "pk": 50, "fields": {"action_time": "2023-11-04T22:39:08.414Z", "user": 1, "content_type": 11, "object_id": "b0282db1-dacc-40ff-adda-cb57875e158b", "object_repr": "Java", "action_flag": 1, "change_message": "[{\"added\": {}}]"}}, {"model": "admin.logentry", "pk": 51, "fields": {"action_time": "2023-11-04T22:39:15.731Z", "user": 1, "content_type": 11, "object_id": "15f2f735-ebfe-4a73-b5bf-392c58a29203", "object_repr": "C++", "action_flag": 1, "change_message": "[{\"added\": {}}]"}}, {"model": "admin.logentry", "pk": 52, "fields": {"action_time": "2023-11-04T22:39:22.129Z", "user": 1, "content_type": 11, "object_id": "925d96f6-3a6f-4885-87ed-51b49b1aab8d", "object_repr": "Ruby", "action_flag": 1, "change_message": "[{\"added\": {}}]"}}, {"model": "admin.logentry", "pk": 53, "fields": {"action_time": "2023-11-04T22:39:28.846Z", "user": 1, "content_type": 11, "object_id": "59ab456a-9190-4cf5-b1d0-3c9941aa104d", "object_repr": "Bash", "action_flag": 1, "change_message": "[{\"added\": {}}]"}}, {"model": "admin.logentry", "pk": 54, "fields": {"action_time": "2023-11-04T22:40:02.176Z", "user": 1, "content_type": 11, "object_id": "ac914482-79de-4cf2-a9ce-da2a31896268", "object_repr": "PostreSQL", "action_flag": 1, "change_message": "[{\"added\": {}}]"}}, {"model": "admin.logentry", "pk": 55, "fields": {"action_time": "2023-11-04T22:40:32.947Z", "user": 1, "content_type": 11, "object_id": "cf638e3b-cb08-416c-9d21-a7468de9a21d", "object_repr": "Go", "action_flag": 1, "change_message": "[{\"added\": {}}]"}}, {"model": "admin.logentry", "pk": 56, "fields": {"action_time": "2023-11-04T22:40:41.315Z", "user": 1, "content_type": 11, "object_id": "fe7eb193-8119-401e-837b-36ffcdd4fed3", "object_repr": "Kotlin", "action_flag": 1, "change_message": "[{\"added\": {}}]"}}, {"model": "admin.logentry", "pk": 57, "fields": {"action_time": "2023-11-04T22:40:57.934Z", "user": 1, "content_type": 11, "object_id": "8153c125-5b3e-43c6-ace2-321f583dc2ea", "object_repr": "R", "action_flag": 1, "change_message": "[{\"added\": {}}]"}}, {"model": "admin.logentry", "pk": 58, "fields": {"action_time": "2023-11-04T22:41:10.873Z", "user": 1, "content_type": 11, "object_id": "c49066a8-4e2e-455e-8ee7-98913fc5c2e0", "object_repr": "TypeScript", "action_flag": 1, "change_message": "[{\"added\": {}}]"}}, {"model": "admin.logentry", "pk": 59, "fields": {"action_time": "2023-11-04T22:41:25.015Z", "user": 1, "content_type": 11, "object_id": "e9f19876-ebb3-4b73-a55c-b9a052f348c4", "object_repr": "Rust", "action_flag": 1, "change_message": "[{\"added\": {}}]"}}, {"model": "admin.logentry", "pk": 60, "fields": {"action_time": "2023-11-04T22:41:36.437Z", "user": 1, "content_type": 11, "object_id": "96d8a44e-fdaa-4ebf-91ed-8a8be4950e91", "object_repr": "Matlab", "action_flag": 1, "change_message": "[{\"added\": {}}]"}}, {"model": "admin.logentry", "pk": 61, "fields": {"action_time": "2023-11-04T22:41:44.573Z", "user": 1, "content_type": 11, "object_id": "8830eb6c-bfe0-455c-91a8-d64374cab68d", "object_repr": "PHP", "action_flag": 1, "change_message": "[{\"added\": {}}]"}}, {"model": "admin.logentry", "pk": 62, "fields": {"action_time": "2023-11-04T22:41:51.488Z", "user": 1, "content_type": 11, "object_id": "39ff159e-a45f-4eec-a7a7-028c7a7aec7b", "object_repr": "Swift", "action_flag": 1, "change_message": "[{\"added\": {}}]"}}, {"model": "admin.logentry", "pk": 63, "fields": {"action_time": "2023-11-04T22:42:06.213Z", "user": 1, "content_type": 11, "object_id": "7e0ff551-7785-4447-b68c-e9f2a15f7f5f", "object_repr": "Flutter", "action_flag": 1, "change_message": "[{\"added\": {}}]"}}, {"model": "admin.logentry", "pk": 64, "fields": {"action_time": "2023-11-04T22:43:00.011Z", "user": 1, "content_type": 11, "object_id": "dffe498e-6976-4d9e-b42c-2e754ebe9f20", "object_repr": "Unity", "action_flag": 2, "change_message": "[{\"changed\": {\"fields\": [\"Owner\"]}}]"}}, {"model": "admin.logentry", "pk": 65, "fields": {"action_time": "2023-11-04T22:43:10.079Z", "user": 1, "content_type": 11, "object_id": "1c5add28-9bad-400a-9b46-9678204815e5", "object_repr": "C#", "action_flag": 2, "change_message": "[{\"changed\": {\"fields\": [\"Owner\"]}}]"}}, {"model": "admin.logentry", "pk": 66, "fields": {"action_time": "2023-11-04T22:44:15.014Z", "user": 1, "content_type": 11, "object_id": "0de6db43-d649-475f-9513-e15942c29a28", "object_repr": "Bootstrap", "action_flag": 2, "change_message": "[{\"changed\": {\"fields\": [\"Owner\"]}}]"}}, {"model": "admin.logentry", "pk": 67, "fields": {"action_time": "2023-11-04T22:45:51.340Z", "user": 1, "content_type": 11, "object_id": "50bc62cb-addc-451a-b099-6778f6fc18bb", "object_repr": "Python", "action_flag": 2, "change_message": "[{\"changed\": {\"fields\": [\"Owner\"]}}]"}}, {"model": "admin.logentry", "pk": 68, "fields": {"action_time": "2023-11-04T22:46:00.874Z", "user": 1, "content_type": 11, "object_id": "e9f19876-ebb3-4b73-a55c-b9a052f348c4", "object_repr": "Rust", "action_flag": 2, "change_message": "[{\"changed\": {\"fields\": [\"Owner\"]}}]"}}, {"model": "admin.logentry", "pk": 69, "fields": {"action_time": "2023-11-05T00:47:10.783Z", "user": 1, "content_type": 10, "object_id": "691819c4-4b88-4a82-84cd-06cded48b832", "object_repr": "johndoe", "action_flag": 2, "change_message": "[{\"changed\": {\"fields\": [\"Location\", \"Social github\", \"Social linkedin\"]}}]"}}, {"model": "admin.logentry", "pk": 70, "fields": {"action_time": "2023-11-05T01:01:09.035Z", "user": 1, "content_type": 10, "object_id": "691819c4-4b88-4a82-84cd-06cded48b832", "object_repr": "johndoe", "action_flag": 2, "change_message": "[]"}}, {"model": "admin.logentry", "pk": 71, "fields": {"action_time": "2023-11-05T01:01:17.417Z", "user": 1, "content_type": 10, "object_id": "fc8e4cff-0ce7-4767-80b9-fb842be4f9c9", "object_repr": "dvvid", "action_flag": 2, "change_message": "[]"}}, {"model": "admin.logentry", "pk": 72, "fields": {"action_time": "2023-11-05T01:02:06.026Z", "user": 1, "content_type": 10, "object_id": "fc8e4cff-0ce7-4767-80b9-fb842be4f9c9", "object_repr": "dvvid", "action_flag": 2, "change_message": "[{\"changed\": {\"fields\": [\"Social github\", \"Social twitter\", \"Social linkedin\"]}}]"}}, {"model": "admin.logentry", "pk": 73, "fields": {"action_time": "2023-11-05T01:02:22.273Z", "user": 1, "content_type": 10, "object_id": "7624eaf1-be1a-4e57-9f6d-acc82fac12db", "object_repr": "devondev", "action_flag": 2, "change_message": "[{\"changed\": {\"fields\": [\"Social github\", \"Social twitter\", \"Social linkedin\"]}}]"}}, {"model": "admin.logentry", "pk": 74, "fields": {"action_time": "2023-11-05T01:09:39.205Z", "user": 1, "content_type": 11, "object_id": "46672855-ce7b-40de-a65a-8046571cee9a", "object_repr": "JavaScript", "action_flag": 2, "change_message": "[{\"changed\": {\"fields\": [\"Description\"]}}]"}}, {"model": "admin.logentry", "pk": 75, "fields": {"action_time": "2023-11-05T01:26:41.621Z", "user": 1, "content_type": 11, "object_id": "dffe498e-6976-4d9e-b42c-2e754ebe9f20", "object_repr": "Unity", "action_flag": 2, "change_message": "[{\"changed\": {\"fields\": [\"Description\"]}}]"}}, {"model": "admin.logentry", "pk": 76, "fields": {"action_time": "2023-11-05T01:26:49.357Z", "user": 1, "content_type": 11, "object_id": "1c5add28-9bad-400a-9b46-9678204815e5", "object_repr": "C#", "action_flag": 2, "change_message": "[{\"changed\": {\"fields\": [\"Description\"]}}]"}}, {"model": "admin.logentry", "pk": 77, "fields": {"action_time": "2023-11-05T16:55:49.960Z", "user": 1, "content_type": 11, "object_id": "b54d85a7-ec8a-428f-a385-4fd7891bace8", "object_repr": "React", "action_flag": 2, "change_message": "[{\"changed\": {\"fields\": [\"Description\"]}}]"}}, {"model": "admin.logentry", "pk": 78, "fields": {"action_time": "2023-11-05T17:09:56.385Z", "user": 1, "content_type": 10, "object_id": "fc8e4cff-0ce7-4767-80b9-fb842be4f9c9", "object_repr": "dvvid", "action_flag": 2, "change_message": "[{\"changed\": {\"fields\": [\"Social stackoverflow\"]}}]"}}, {"model": "admin.logentry", "pk": 79, "fields": {"action_time": "2023-11-05T17:27:28.017Z", "user": 1, "content_type": 8, "object_id": "3273f8ca-f539-4ce1-a083-1eb5b53aeff7", "object_repr": "Flutter", "action_flag": 1, "change_message": "[{\"added\": {}}]"}}, {"model": "admin.logentry", "pk": 80, "fields": {"action_time": "2023-11-05T17:27:30.401Z", "user": 1, "content_type": 7, "object_id": "e835bd54-7b94-4c9e-98e2-c4ed355ec46f", "object_repr": "Dev Social Network", "action_flag": 2, "change_message": "[{\"changed\": {\"fields\": [\"Tags\"]}}]"}}, {"model": "admin.logentry", "pk": 81, "fields": {"action_time": "2023-11-05T17:44:18.198Z", "user": 1, "content_type": 10, "object_id": "fc8e4cff-0ce7-4767-80b9-fb842be4f9c9", "object_repr": "dvvid", "action_flag": 2, "change_message": "[{\"changed\": {\"fields\": [\"Short intro\"]}}]"}}, {"model": "admin.logentry", "pk": 82, "fields": {"action_time": "2023-11-06T14:36:14.711Z", "user": 1, "content_type": 11, "object_id": "ac914482-79de-4cf2-a9ce-da2a31896268", "object_repr": "PostreSQL", "action_flag": 2, "change_message": "[{\"changed\": {\"fields\": [\"Owner\"]}}]"}}, {"model": "admin.logentry", "pk": 83, "fields": {"action_time": "2023-11-06T14:59:45.200Z", "user": 1, "content_type": 7, "object_id": "a13eeaf2-3ef3-4844-bcfe-7bd48c803458", "object_repr": "Test Project", "action_flag": 2, "change_message": "[{\"changed\": {\"fields\": [\"Owner\", \"Tags\"]}}]"}}, {"model": "admin.logentry", "pk": 84, "fields": {"action_time": "2023-11-06T15:00:05.833Z", "user": 1, "content_type": 7, "object_id": "1be9bd16-d45b-4374-ac5b-6162f1c53850", "object_repr": "Blackjack CLI", "action_flag": 2, "change_message": "[{\"changed\": {\"fields\": [\"Owner\"]}}]"}}, {"model": "admin.logentry", "pk": 85, "fields": {"action_time": "2023-11-06T15:00:17.368Z", "user": 1, "content_type": 7, "object_id": "15b4996b-5e5e-4ee0-ab50-f5d5451ba495", "object_repr": "Freelancer Site", "action_flag": 2, "change_message": "[{\"changed\": {\"fields\": [\"Owner\"]}}]"}}, {"model": "admin.logentry", "pk": 86, "fields": {"action_time": "2023-11-06T15:14:25.710Z", "user": 1, "content_type": 7, "object_id": "e835bd54-7b94-4c9e-98e2-c4ed355ec46f", "object_repr": "Dev Social Network", "action_flag": 2, "change_message": "[{\"changed\": {\"fields\": [\"Featured image\"]}}]"}}, {"model": "admin.logentry", "pk": 87, "fields": {"action_time": "2023-11-06T15:14:36.601Z", "user": 1, "content_type": 7, "object_id": "e835bd54-7b94-4c9e-98e2-c4ed355ec46f", "object_repr": "Dev Social Network", "action_flag": 2, "change_message": "[{\"changed\": {\"fields\": [\"Featured image\"]}}]"}}, {"model": "admin.logentry", "pk": 88, "fields": {"action_time": "2023-11-06T15:16:26.850Z", "user": 1, "content_type": 7, "object_id": "a13eeaf2-3ef3-4844-bcfe-7bd48c803458", "object_repr": "Creative Portfolio Project", "action_flag": 2, "change_message": "[{\"changed\": {\"fields\": [\"Title\", \"Featured image\"]}}]"}}, {"model": "admin.logentry", "pk": 89, "fields": {"action_time": "2023-11-06T17:44:39.109Z", "user": 1, "content_type": 10, "object_id": "fc8e4cff-0ce7-4767-80b9-fb842be4f9c9", "object_repr": "dvvid", "action_flag": 2, "change_message": "[]"}}, {"model": "admin.logentry", "pk": 90, "fields": {"action_time": "2023-11-06T17:47:28.285Z", "user": 1, "content_type": 10, "object_id": "7624eaf1-be1a-4e57-9f6d-acc82fac12db", "object_repr": "devondev", "action_flag": 2, "change_message": "[]"}}, {"model": "admin.logentry", "pk": 91, "fields": {"action_time": "2023-11-06T17:51:58.773Z", "user": 1, "content_type": 10, "object_id": "c9f1b121-8c67-42b0-92ab-1e1d2c984421", "object_repr": "steve", "action_flag": 1, "change_message": "[{\"added\": {}}]"}}, {"model": "admin.logentry", "pk": 92, "fields": {"action_time": "2023-11-06T17:55:05.015Z", "user": 1, "content_type": 10, "object_id": "c9f1b121-8c67-42b0-92ab-1e1d2c984421", "object_repr": "steve", "action_flag": 3, "change_message": ""}}, {"model": "admin.logentry", "pk": 93, "fields": {"action_time": "2023-11-06T17:58:57.509Z", "user": 1, "content_type": 10, "object_id": "7624eaf1-be1a-4e57-9f6d-acc82fac12db", "object_repr": "devondev", "action_flag": 2, "change_message": "[]"}}, {"model": "admin.logentry", "pk": 94, "fields": {"action_time": "2023-11-07T19:48:06.481Z", "user": 1, "content_type": 4, "object_id": "3", "object_repr": "dvvd", "action_flag": 1, "change_message": "[{\"added\": {}}]"}}, {"model": "admin.logentry", "pk": 95, "fields": {"action_time": "2023-11-07T19:49:20.975Z", "user": 1, "content_type": 10, "object_id": "fc8e4cff-0ce7-4767-80b9-fb842be4f9c9", "object_repr": "djvid", "action_flag": 2, "change_message": "[{\"changed\": {\"fields\": [\"Member\", \"Email\", \"Username\"]}}]"}}, {"model": "admin.logentry", "pk": 96, "fields": {"action_time": "2023-11-07T19:49:37.750Z", "user": 1, "content_type": 4, "object_id": "3", "object_repr": "djvd", "action_flag": 2, "change_message": "[{\"changed\": {\"fields\": [\"Username\", \"First name\", \"Last name\"]}}]"}}, {"model": "admin.logentry", "pk": 97, "fields": {"action_time": "2023-11-07T19:50:55.327Z", "user": 1, "content_type": 4, "object_id": "4", "object_repr": "steve", "action_flag": 1, "change_message": "[{\"added\": {}}]"}}, {"model": "admin.logentry", "pk": 98, "fields": {"action_time": "2023-11-07T19:52:10.893Z", "user": 1, "content_type": 4, "object_id": "4", "object_repr": "steve", "action_flag": 3, "change_message": ""}}, {"model": "admin.logentry", "pk": 99, "fields": {"action_time": "2023-11-07T20:15:23.967Z", "user": 1, "content_type": 10, "object_id": "896a54e6-4389-4106-95ce-5474bd2920f8", "object_repr": "stevo", "action_flag": 1, "change_message": "[{\"added\": {}}]"}}, {"model": "admin.logentry", "pk": 100, "fields": {"action_time": "2023-11-07T20:16:11.756Z", "user": 1, "content_type": 4, "object_id": "5", "object_repr": "stevo", "action_flag": 1, "change_message": "[{\"added\": {}}]"}}, {"model": "admin.logentry", "pk": 101, "fields": {"action_time": "2023-11-07T20:16:36.964Z", "user": 1, "content_type": 10, "object_id": "896a54e6-4389-4106-95ce-5474bd2920f8", "object_repr": "stevo", "action_flag": 3, "change_message": ""}}, {"model": "admin.logentry", "pk": 102, "fields": {"action_time": "2023-11-07T20:18:38.643Z", "user": 1, "content_type": 4, "object_id": "5", "object_repr": "stevo", "action_flag": 3, "change_message": ""}}, {"model": "admin.logentry", "pk": 103, "fields": {"action_time": "2023-11-07T20:19:32.460Z", "user": 1, "content_type": 4, "object_id": "6", "object_repr": "tim", "action_flag": 1, "change_message": "[{\"added\": {}}]"}}, {"model": "admin.logentry", "pk": 104, "fields": {"action_time": "2023-11-07T20:19:53.996Z", "user": 1, "content_type": 10, "object_id": "513230f1-6078-42a0-b6d6-cc82a5700012", "object_repr": "tim", "action_flag": 3, "change_message": ""}}, {"model": "admin.logentry", "pk": 105, "fields": {"action_time": "2023-11-07T20:22:55.991Z", "user": 1, "content_type": 4, "object_id": "6", "object_repr": "tim", "action_flag": 3, "change_message": ""}}, {"model": "admin.logentry", "pk": 106, "fields": {"action_time": "2023-11-07T20:23:10.437Z", "user": 1, "content_type": 4, "object_id": "7", "object_repr": "tim", "action_flag": 1, "change_message": "[{\"added\": {}}]"}}, {"model": "admin.logentry", "pk": 107, "fields": {"action_time": "2023-11-07T20:23:49.528Z", "user": 1, "content_type": 10, "object_id": "e41639cb-40ce-4fbb-b6d1-74c6748960b3", "object_repr": "tim", "action_flag": 3, "change_message": ""}}, {"model": "admin.logentry", "pk": 108, "fields": {"action_time": "2023-11-07T20:36:11.165Z", "user": 1, "content_type": 4, "object_id": "3", "object_repr": "djvd", "action_flag": 2, "change_message": "[]"}}, {"model": "admin.logentry", "pk": 109, "fields": {"action_time": "2023-11-07T20:36:38.976Z", "user": 1, "content_type": 4, "object_id": "3", "object_repr": "djvd", "action_flag": 2, "change_message": "[]"}}, {"model": "admin.logentry", "pk": 110, "fields": {"action_time": "2023-11-07T20:37:42.419Z", "user": 1, "content_type": 4, "object_id": "2", "object_repr": "devondev", "action_flag": 2, "change_message": "[]"}}, {"model": "admin.logentry", "pk": 111, "fields": {"action_time": "2023-11-07T20:53:46.702Z", "user": 1, "content_type": 4, "object_id": "3", "object_repr": "djvd", "action_flag": 2, "change_message": "[]"}}, {"model": "admin.logentry", "pk": 112, "fields": {"action_time": "2023-11-07T20:54:01.989Z", "user": 1, "content_type": 4, "object_id": "2", "object_repr": "devondev", "action_flag": 2, "change_message": "[]"}}, {"model": "admin.logentry", "pk": 113, "fields": {"action_time": "2023-11-13T17:13:22.782Z", "user": 1, "content_type": 4, "object_id": "1", "object_repr": "sherry", "action_flag": 2, "change_message": "[{\"changed\": {\"fields\": [\"password\"]}}]"}}, {"model": "admin.logentry", "pk": 114, "fields": {"action_time": "2023-11-22T21:31:48.257Z", "user": 1, "content_type": 4, "object_id": "2", "object_repr": "devondev", "action_flag": 2, "change_message": "[{\"changed\": {\"fields\": [\"password\"]}}]"}}, {"model": "admin.logentry", "pk": 115, "fields": {"action_time": "2023-11-23T16:38:09.648Z", "user": 1, "content_type": 4, "object_id": "2", "object_repr": "devondev", "action_flag": 2, "change_message": "[{\"changed\": {\"fields\": [\"password\"]}}]"}}, {"model": "admin.logentry", "pk": 116, "fields": {"action_time": "2023-11-23T19:03:46.960Z", "user": 1, "content_type": 10, "object_id": "801cd650-2c7e-4471-93c2-bfe4304b53a5", "object_repr": "testauth1", "action_flag": 3, "change_message": ""}}, {"model": "admin.logentry", "pk": 117, "fields": {"action_time": "2023-11-23T19:03:46.969Z", "user": 1, "content_type": 10, "object_id": "bf78584d-3c15-4443-9205-e07b15de910e", "object_repr": "random1", "action_flag": 3, "change_message": ""}}, {"model": "admin.logentry", "pk": 118, "fields": {"action_time": "2023-11-23T19:03:46.971Z", "user": 1, "content_type": 10, "object_id": "06424054-de53-45e5-91a9-62819ae5b285", "object_repr": "dev4", "action_flag": 3, "change_message": ""}}, {"model": "admin.logentry", "pk": 119, "fields": {"action_time": "2023-11-23T19:06:46.860Z", "user": 1, "content_type": 10, "object_id": "801cd650-2c7e-4471-93c2-bfe4304b53a5", "object_repr": "testauth1", "action_flag": 3, "change_message": ""}}, {"model": "admin.logentry", "pk": 120, "fields": {"action_time": "2023-11-23T19:06:46.867Z", "user": 1, "content_type": 10, "object_id": "bf78584d-3c15-4443-9205-e07b15de910e", "object_repr": "random1", "action_flag": 3, "change_message": ""}}, {"model": "admin.logentry", "pk": 121, "fields": {"action_time": "2023-11-23T19:06:46.869Z", "user": 1, "content_type": 10, "object_id": "06424054-de53-45e5-91a9-62819ae5b285", "object_repr": "dev4", "action_flag": 3, "change_message": ""}}, {"model": "admin.logentry", "pk": 122, "fields": {"action_time": "2023-11-23T19:16:19.712Z", "user": 1, "content_type": 10, "object_id": "691819c4-4b88-4a82-84cd-06cded48b832", "object_repr": "johndev", "action_flag": 2, "change_message": "[{\"changed\": {\"fields\": [\"Name\", \"Username\"]}}]"}}, {"model": "admin.logentry", "pk": 123, "fields": {"action_time": "2023-11-23T21:14:44.455Z", "user": 1, "content_type": 10, "object_id": "691819c4-4b88-4a82-84cd-06cded48b832", "object_repr": "johndev", "action_flag": 2, "change_message": "[]"}}, {"model": "admin.logentry", "pk": 124, "fields": {"action_time": "2023-11-23T21:15:56.356Z", "user": 1, "content_type": 10, "object_id": "691819c4-4b88-4a82-84cd-06cded48b832", "object_repr": "johndev", "action_flag": 2, "change_message": "[]"}}, {"model": "admin.logentry", "pk": 125, "fields": {"action_time": "2023-11-23T21:30:33.434Z", "user": 1, "content_type": 10, "object_id": "691819c4-4b88-4a82-84cd-06cded48b832", "object_repr": "johndev", "action_flag": 2, "change_message": "[]"}}, {"model": "admin.logentry", "pk": 126, "fields": {"action_time": "2023-11-23T21:59:23.495Z", "user": 1, "content_type": 10, "object_id": "691819c4-4b88-4a82-84cd-06cded48b832", "object_repr": "johndev", "action_flag": 2, "change_message": "[]"}}, {"model": "admin.logentry", "pk": 127, "fields": {"action_time": "2023-11-23T22:01:09.657Z", "user": 1, "content_type": 10, "object_id": "691819c4-4b88-4a82-84cd-06cded48b832", "object_repr": "johndev", "action_flag": 3, "change_message": ""}}, {"model": "admin.logentry", "pk": 128, "fields": {"action_time": "2023-11-23T22:03:10.010Z", "user": 1, "content_type": 10, "object_id": "691819c4-4b88-4a82-84cd-06cded48b832", "object_repr": "johndev", "action_flag": 3, "change_message": ""}}, {"model": "admin.logentry", "pk": 129, "fields": {"action_time": "2023-11-23T22:03:42.128Z", "user": 1, "content_type": 10, "object_id": "691819c4-4b88-4a82-84cd-06cded48b832", "object_repr": "johndev", "action_flag": 3, "change_message": ""}}, {"model": "admin.logentry", "pk": 130, "fields": {"action_time": "2023-11-23T22:06:40.071Z", "user": 1, "content_type": 10, "object_id": "691819c4-4b88-4a82-84cd-06cded48b832", "object_repr": "johndev", "action_flag": 3, "change_message": ""}}, {"model": "admin.logentry", "pk": 131, "fields": {"action_time": "2023-11-23T22:18:00.925Z", "user": 1, "content_type": 10, "object_id": "691819c4-4b88-4a82-84cd-06cded48b832", "object_repr": "johndev", "action_flag": 3, "change_message": ""}}, {"model": "admin.logentry", "pk": 132, "fields": {"action_time": "2023-11-23T22:24:45.584Z", "user": 1, "content_type": 10, "object_id": "81d60b20-0282-46df-9cc9-783052303c54", "object_repr": "johndev", "action_flag": 1, "change_message": "[{\"added\": {}}]"}}, {"model": "admin.logentry", "pk": 133, "fields": {"action_time": "2023-11-23T22:25:54.042Z", "user": 1, "content_type": 4, "object_id": "11", "object_repr": "johndev", "action_flag": 1, "change_message": "[{\"added\": {}}]"}}, {"model": "admin.logentry", "pk": 134, "fields": {"action_time": "2023-11-23T22:26:46.179Z", "user": 1, "content_type": 10, "object_id": "e264071f-c311-4f62-81f6-4384309d90af", "object_repr": "test1", "action_flag": 1, "change_message": "[{\"added\": {}}]"}}, {"model": "admin.logentry", "pk": 135, "fields": {"action_time": "2023-11-23T22:27:11.911Z", "user": 1, "content_type": 4, "object_id": "12", "object_repr": "test1", "action_flag": 1, "change_message": "[{\"added\": {}}]"}}, {"model": "admin.logentry", "pk": 136, "fields": {"action_time": "2023-11-23T22:27:34.878Z", "user": 1, "content_type": 10, "object_id": "e264071f-c311-4f62-81f6-4384309d90af", "object_repr": "test1", "action_flag": 3, "change_message": ""}}, {"model": "admin.logentry", "pk": 137, "fields": {"action_time": "2023-11-23T22:27:34.887Z", "user": 1, "content_type": 10, "object_id": "1acc18a6-7cf6-4e5c-9380-6801ea988395", "object_repr": "test1", "action_flag": 3, "change_message": ""}}, {"model": "admin.logentry", "pk": 138, "fields": {"action_time": "2023-11-23T22:28:03.717Z", "user": 1, "content_type": 4, "object_id": "12", "object_repr": "test1", "action_flag": 3, "change_message": ""}}, {"model": "admin.logentry", "pk": 139, "fields": {"action_time": "2023-11-23T22:32:40.397Z", "user": 1, "content_type": 10, "object_id": "2d8e1335-ce9e-4ae4-a59c-397612888391", "object_repr": "test2", "action_flag": 1, "change_message": "[{\"added\": {}}]"}}, {"model": "admin.logentry", "pk": 140, "fields": {"action_time": "2023-11-23T22:33:08.196Z", "user": 1, "content_type": 4, "object_id": "13", "object_repr": "test2", "action_flag": 1, "change_message": "[{\"added\": {}}]"}}, {"model": "admin.logentry", "pk": 141, "fields": {"action_time": "2023-11-23T22:33:36.187Z", "user": 1, "content_type": 10, "object_id": "2d8e1335-ce9e-4ae4-a59c-397612888391", "object_repr": "test2", "action_flag": 3, "change_message": ""}}, {"model": "admin.logentry", "pk": 142, "fields": {"action_time": "2023-11-23T22:33:36.196Z", "user": 1, "content_type": 10, "object_id": "9a85cb4a-abcd-42e3-96e3-540a0d446463", "object_repr": "test2", "action_flag": 3, "change_message": ""}}, {"model": "admin.logentry", "pk": 143, "fields": {"action_time": "2023-11-23T22:33:47.133Z", "user": 1, "content_type": 4, "object_id": "13", "object_repr": "test2", "action_flag": 3, "change_message": ""}}, {"model": "admin.logentry", "pk": 144, "fields": {"action_time": "2023-11-23T22:36:35.409Z", "user": 1, "content_type": 4, "object_id": "14", "object_repr": "test1", "action_flag": 1, "change_message": "[{\"added\": {}}]"}}, {"model": "admin.logentry", "pk": 145, "fields": {"action_time": "2023-11-23T22:37:41.057Z", "user": 1, "content_type": 10, "object_id": "bcf5502d-4707-4b9a-bd2c-34e2da9e408e", "object_repr": "test1", "action_flag": 3, "change_message": ""}}, {"model": "admin.logentry", "pk": 146, "fields": {"action_time": "2023-11-23T22:38:13.403Z", "user": 1, "content_type": 10, "object_id": "cd27f783-228d-42b5-8a9f-400e8ac67986", "object_repr": "test1", "action_flag": 1, "change_message": "[{\"added\": {}}]"}}, {"model": "admin.logentry", "pk": 147, "fields": {"action_time": "2023-11-23T22:38:35.636Z", "user": 1, "content_type": 10, "object_id": "81d60b20-0282-46df-9cc9-783052303c54", "object_repr": "johndev", "action_flag": 3, "change_message": ""}}, {"model": "admin.logentry", "pk": 148, "fields": {"action_time": "2023-11-23T23:19:57.108Z", "user": 1, "content_type": 10, "object_id": "81d60b20-0282-46df-9cc9-783052303c54", "object_repr": "johndev", "action_flag": 3, "change_message": ""}}, {"model": "admin.logentry", "pk": 149, "fields": {"action_time": "2023-11-23T23:21:18.740Z", "user": 1, "content_type": 4, "object_id": "15", "object_repr": "test1", "action_flag": 1, "change_message": "[{\"added\": {}}]"}}, {"model": "admin.logentry", "pk": 150, "fields": {"action_time": "2023-11-24T00:10:04.810Z", "user": 1, "content_type": 10, "object_id": "cd27f783-228d-42b5-8a9f-400e8ac67986", "object_repr": "test1", "action_flag": 3, "change_message": ""}}, {"model": "admin.logentry", "pk": 151, "fields": {"action_time": "2023-11-24T00:10:04.819Z", "user": 1, "content_type": 10, "object_id": "2a5bef7d-63b5-4fe0-9076-16a7683fd0a8", "object_repr": "test1", "action_flag": 3, "change_message": ""}}, {"model": "admin.logentry", "pk": 152, "fields": {"action_time": "2023-11-24T00:10:41.016Z", "user": 1, "content_type": 4, "object_id": "11", "object_repr": "johndev", "action_flag": 3, "change_message": ""}}, {"model": "admin.logentry", "pk": 153, "fields": {"action_time": "2023-11-24T01:01:48.462Z", "user": 1, "content_type": 10, "object_id": "7624eaf1-be1a-4e57-9f6d-acc82fac12db", "object_repr": "devondev", "action_flag": 2, "change_message": "[{\"changed\": {\"fields\": [\"Social stackoverflow\", \"Social website\"]}}]"}}, {"model": "admin.logentry", "pk": 154, "fields": {"action_time": "2023-11-24T01:02:50.430Z", "user": 1, "content_type": 10, "object_id": "fc8e4cff-0ce7-4767-80b9-fb842be4f9c9", "object_repr": "djvid", "action_flag": 2, "change_message": "[]"}}, {"model": "admin.logentry", "pk": 155, "fields": {"action_time": "2023-11-24T01:03:40.305Z", "user": 1, "content_type": 4, "object_id": "16", "object_repr": "piperdev", "action_flag": 2, "change_message": "[{\"changed\": {\"fields\": [\"First name\", \"Last name\"]}}]"}}, {"model": "admin.logentry", "pk": 156, "fields": {"action_time": "2023-11-24T01:03:49.946Z", "user": 1, "content_type": 4, "object_id": "3", "object_repr": "djvid", "action_flag": 2, "change_message": "[{\"changed\": {\"fields\": [\"First name\"]}}]"}}, {"model": "admin.logentry", "pk": 157, "fields": {"action_time": "2023-11-24T01:04:00.502Z", "user": 1, "content_type": 4, "object_id": "2", "object_repr": "devondev", "action_flag": 2, "change_message": "[{\"changed\": {\"fields\": [\"Last name\"]}}]"}}, {"model": "admin.logentry", "pk": 158, "fields": {"action_time": "2023-11-24T01:04:11.355Z", "user": 1, "content_type": 7, "object_id": "e835bd54-7b94-4c9e-98e2-c4ed355ec46f", "object_repr": "Dev Social Network", "action_flag": 2, "change_message": "[]"}}, {"model": "admin.logentry", "pk": 159, "fields": {"action_time": "2023-11-24T01:05:08.172Z", "user": 1, "content_type": 7, "object_id": "a9a842ab-0bb9-4028-8811-2edc644884d4", "object_repr": "Data Automation", "action_flag": 2, "change_message": "[{\"changed\": {\"fields\": [\"Owner\"]}}]"}}, {"model": "admin.logentry", "pk": 160, "fields": {"action_time": "2023-11-24T01:05:41.525Z", "user": 1, "content_type": 7, "object_id": "08c838e1-23a6-4580-9427-f82da4925fe3", "object_repr": "Data Automation", "action_flag": 2, "change_message": "[]"}}, {"model": "admin.logentry", "pk": 161, "fields": {"action_time": "2023-11-24T13:29:33.185Z", "user": 1, "content_type": 7, "object_id": "8034014b-187c-491d-b2e0-6d1d2982ee68", "object_repr": "Mobile App Site", "action_flag": 3, "change_message": ""}}, {"model": "admin.logentry", "pk": 162, "fields": {"action_time": "2023-11-27T21:21:36.835Z", "user": 1, "content_type": 4, "object_id": "16", "object_repr": "piperdev", "action_flag": 2, "change_message": "[{\"changed\": {\"fields\": [\"password\"]}}]"}}, {"model": "admin.logentry", "pk": 163, "fields": {"action_time": "2023-11-27T21:22:12.944Z", "user": 1, "content_type": 4, "object_id": "3", "object_repr": "djvid", "action_flag": 2, "change_message": "[{\"changed\": {\"fields\": [\"password\"]}}]"}}, {"model": "admin.logentry", "pk": 164, "fields": {"action_time": "2023-11-27T21:22:30.550Z", "user": 1, "content_type": 4, "object_id": "3", "object_repr": "djvid", "action_flag": 2, "change_message": "[]"}}, {"model": "admin.logentry", "pk": 165, "fields": {"action_time": "2023-11-27T21:22:45.551Z", "user": 1, "content_type": 4, "object_id": "16", "object_repr": "piperdev", "action_flag": 2, "change_message": "[{\"changed\": {\"fields\": [\"password\"]}}]"}}, {"model": "admin.logentry", "pk": 166, "fields": {"action_time": "2023-11-27T21:22:49.500Z", "user": 1, "content_type": 4, "object_id": "16", "object_repr": "piperdev", "action_flag": 2, "change_message": "[]"}}, {"model": "admin.logentry", "pk": 167, "fields": {"action_time": "2023-11-27T21:23:02.823Z", "user": 1, "content_type": 4, "object_id": "3", "object_repr": "djvid", "action_flag": 2, "change_message": "[{\"changed\": {\"fields\": [\"password\"]}}]"}}, {"model": "admin.logentry", "pk": 168, "fields": {"action_time": "2023-11-27T21:23:05.326Z", "user": 1, "content_type": 4, "object_id": "3", "object_repr": "djvid", "action_flag": 2, "change_message": "[]"}}, {"model": "admin.logentry", "pk": 169, "fields": {"action_time": "2023-11-29T23:15:14.304Z", "user": 1, "content_type": 9, "object_id": "245666b7-f4bf-4058-8fec-6a22b98a8e72", "object_repr": "up", "action_flag": 1, "change_message": "[{\"added\": {}}]"}}, {"model": "admin.logentry", "pk": 170, "fields": {"action_time": "2023-11-29T23:16:17.480Z", "user": 1, "content_type": 9, "object_id": "7fd869e1-7a59-4aa9-aded-1bf02a7eeeaa", "object_repr": "up", "action_flag": 1, "change_message": "[{\"added\": {}}]"}}, {"model": "admin.logentry", "pk": 171, "fields": {"action_time": "2023-11-29T23:17:01.229Z", "user": 1, "content_type": 9, "object_id": "7fd869e1-7a59-4aa9-aded-1bf02a7eeeaa", "object_repr": "up", "action_flag": 3, "change_message": ""}}, {"model": "admin.logentry", "pk": 172, "fields": {"action_time": "2023-11-29T23:17:01.233Z", "user": 1, "content_type": 9, "object_id": "245666b7-f4bf-4058-8fec-6a22b98a8e72", "object_repr": "up", "action_flag": 3, "change_message": ""}}, {"model": "admin.logentry", "pk": 173, "fields": {"action_time": "2023-11-29T23:18:17.835Z", "user": 1, "content_type": 9, "object_id": "dec50fd9-2423-4472-b380-39754cfe7a9e", "object_repr": "up", "action_flag": 1, "change_message": "[{\"added\": {}}]"}}, {"model": "admin.logentry", "pk": 174, "fields": {"action_time": "2023-11-29T23:19:29.515Z", "user": 1, "content_type": 9, "object_id": "1b64c731-58f3-4829-aae9-d5fc1874c741", "object_repr": "up", "action_flag": 1, "change_message": "[{\"added\": {}}]"}}, {"model": "admin.logentry", "pk": 175, "fields": {"action_time": "2023-11-30T23:56:50.154Z", "user": 1, "content_type": 12, "object_id": "8304d655-405f-4636-95c7-cf1b3af0e378", "object_repr": "Project", "action_flag": 1, "change_message": "[{\"added\": {}}]"}}, {"model": "admin.logentry", "pk": 176, "fields": {"action_time": "2023-11-30T23:58:35.625Z", "user": 1, "content_type": 12, "object_id": "1e76ddf9-7cdc-477e-abd2-e6b47398bc60", "object_repr": "Game App", "action_flag": 1, "change_message": "[{\"added\": {}}]"}}, {"model": "admin.logentry", "pk": 177, "fields": {"action_time": "2023-12-01T03:17:36.683Z", "user": 1, "content_type": 12, "object_id": "3b46eb62-a1f5-4e1d-b320-75eff4a0d165", "object_repr": "Another awesome Project!", "action_flag": 1, "change_message": "[{\"added\": {}}]"}}, {"model": "admin.logentry", "pk": 178, "fields": {"action_time": "2023-12-01T03:18:27.465Z", "user": 1, "content_type": 12, "object_id": "3b46eb62-a1f5-4e1d-b320-75eff4a0d165", "object_repr": "Another awesome Project!", "action_flag": 2, "change_message": "[]"}}, {"model": "admin.logentry", "pk": 179, "fields": {"action_time": "2023-12-04T18:33:46.265Z", "user": 1, "content_type": 10, "object_id": "04fa75a1-479a-4360-90e6-ea3881ecd512", "object_repr": "test1", "action_flag": 3, "change_message": ""}}, {"model": "admin.logentry", "pk": 180, "fields": {"action_time": "2023-12-04T18:33:46.274Z", "user": 1, "content_type": 10, "object_id": "345852b2-2960-4695-97f8-28c7bbeff931", "object_repr": "devtest", "action_flag": 3, "change_message": ""}}, {"model": "admin.logentry", "pk": 181, "fields": {"action_time": "2023-12-04T18:33:46.276Z", "user": 1, "content_type": 10, "object_id": "b12e68da-b586-4825-86d3-f2ce3d1e3f54", "object_repr": "tester2", "action_flag": 3, "change_message": ""}}, {"model": "admin.logentry", "pk": 182, "fields": {"action_time": "2023-12-04T18:33:46.279Z", "user": 1, "content_type": 10, "object_id": "c4407d52-169d-410a-978b-3a96cfafd35a", "object_repr": "testerbuddy", "action_flag": 3, "change_message": ""}}, {"model": "admin.logentry", "pk": 183, "fields": {"action_time": "2023-12-04T18:43:08.598Z", "user": 1, "content_type": 10, "object_id": "04fa75a1-479a-4360-90e6-ea3881ecd512", "object_repr": "test1", "action_flag": 3, "change_message": ""}}, {"model": "admin.logentry", "pk": 184, "fields": {"action_time": "2023-12-04T18:43:08.606Z", "user": 1, "content_type": 10, "object_id": "345852b2-2960-4695-97f8-28c7bbeff931", "object_repr": "devtest", "action_flag": 3, "change_message": ""}}, {"model": "admin.logentry", "pk": 185, "fields": {"action_time": "2023-12-04T18:43:08.608Z", "user": 1, "content_type": 10, "object_id": "c4407d52-169d-410a-978b-3a96cfafd35a", "object_repr": "testerbuddy", "action_flag": 3, "change_message": ""}}, {"model": "admin.logentry", "pk": 186, "fields": {"action_time": "2023-12-04T18:44:27.366Z", "user": 1, "content_type": 10, "object_id": "b12e68da-b586-4825-86d3-f2ce3d1e3f54", "object_repr": "tester2", "action_flag": 3, "change_message": ""}}, {"model": "admin.logentry", "pk": 187, "fields": {"action_time": "2023-12-07T18:26:32.835Z", "user": 1, "content_type": 11, "object_id": "dffe498e-6976-4d9e-b42c-2e754ebe9f20", "object_repr": "Python", "action_flag": 2, "change_message": "[{\"changed\": {\"fields\": [\"Description\"]}}]"}}, {"model": "admin.logentry", "pk": 188, "fields": {"action_time": "2023-12-07T18:26:55.694Z", "user": 1, "content_type": 11, "object_id": "46ec89fd-2eb6-4b6e-a5d8-381778ea74b4", "object_repr": "Python", "action_flag": 2, "change_message": "[{\"changed\": {\"fields\": [\"Description\"]}}]"}}, {"model": "admin.logentry", "pk": 189, "fields": {"action_time": "2023-12-17T09:01:40.116Z", "user": 1, "content_type": 7, "object_id": "08c838e1-23a6-4580-9427-f82da4925fe3", "object_repr": "Data Automation", "action_flag": 2, "change_message": "[{\"changed\": {\"fields\": [\"Featured image\"]}}]"}}, {"model": "admin.logentry", "pk": 190, "fields": {"action_time": "2023-12-17T09:01:50.287Z", "user": 1, "content_type": 7, "object_id": "08c838e1-23a6-4580-9427-f82da4925fe3", "object_repr": "Data Automation", "action_flag": 2, "change_message": "[{\"changed\": {\"fields\": [\"Featured image\"]}}]"}}, {"model": "admin.logentry", "pk": 191, "fields": {"action_time": "2023-12-21T19:37:22.742Z", "user": 1, "content_type": 10, "object_id": "6eea6b9e-9146-44f8-a6f0-edefddc175aa", "object_repr": "jrtest", "action_flag": 3, "change_message": ""}}, {"model": "admin.logentry", "pk": 192, "fields": {"action_time": "2023-12-21T19:37:22.745Z", "user": 1, "content_type": 10, "object_id": "5da4c9af-18a2-409f-969d-63d9f95d7060", "object_repr": "devtest", "action_flag": 3, "change_message": ""}}, {"model": "admin.logentry", "pk": 193, "fields": {"action_time": "2023-12-22T03:57:03.600Z", "user": 1, "content_type": 10, "object_id": "95a9deff-70ae-43fa-be90-8ad3f30d31ea", "object_repr": "fatimadev", "action_flag": 3, "change_message": ""}}, {"model": "auth.permission", "pk": 1, "fields": {"name": "Can add log entry", "content_type": 1, "codename": "add_logentry"}}, {"model": "auth.permission", "pk": 2, "fields": {"name": "Can change log entry", "content_type": 1, "codename": "change_logentry"}}, {"model": "auth.permission", "pk": 3, "fields": {"name": "Can delete log entry", "content_type": 1, "codename": "delete_logentry"}}, {"model": "auth.permission", "pk": 4, "fields": {"name": "Can view log entry", "content_type": 1, "codename": "view_logentry"}}, {"model": "auth.permission", "pk": 5, "fields": {"name": "Can add permission", "content_type": 2, "codename": "add_permission"}}, {"model": "auth.permission", "pk": 6, "fields": {"name": "Can change permission", "content_type": 2, "codename": "change_permission"}}, {"model": "auth.permission", "pk": 7, "fields": {"name": "Can delete permission", "content_type": 2, "codename": "delete_permission"}}, {"model": "auth.permission", "pk": 8, "fields": {"name": "Can view permission", "content_type": 2, "codename": "view_permission"}}, {"model": "auth.permission", "pk": 9, "fields": {"name": "Can add group", "content_type": 3, "codename": "add_group"}}, {"model": "auth.permission", "pk": 10, "fields": {"name": "Can change group", "content_type": 3, "codename": "change_group"}}, {"model": "auth.permission", "pk": 11, "fields": {"name": "Can delete group", "content_type": 3, "codename": "delete_group"}}, {"model": "auth.permission", "pk": 12, "fields": {"name": "Can view group", "content_type": 3, "codename": "view_group"}}, {"model": "auth.permission", "pk": 13, "fields": {"name": "Can add user", "content_type": 4, "codename": "add_user"}}, {"model": "auth.permission", "pk": 14, "fields": {"name": "Can change user", "content_type": 4, "codename": "change_user"}}, {"model": "auth.permission", "pk": 15, "fields": {"name": "Can delete user", "content_type": 4, "codename": "delete_user"}}, {"model": "auth.permission", "pk": 16, "fields": {"name": "Can view user", "content_type": 4, "codename": "view_user"}}, {"model": "auth.permission", "pk": 17, "fields": {"name": "Can add content type", "content_type": 5, "codename": "add_contenttype"}}, {"model": "auth.permission", "pk": 18, "fields": {"name": "Can change content type", "content_type": 5, "codename": "change_contenttype"}}, {"model": "auth.permission", "pk": 19, "fields": {"name": "Can delete content type", "content_type": 5, "codename": "delete_contenttype"}}, {"model": "auth.permission", "pk": 20, "fields": {"name": "Can view content type", "content_type": 5, "codename": "view_contenttype"}}, {"model": "auth.permission", "pk": 21, "fields": {"name": "Can add session", "content_type": 6, "codename": "add_session"}}, {"model": "auth.permission", "pk": 22, "fields": {"name": "Can change session", "content_type": 6, "codename": "change_session"}}, {"model": "auth.permission", "pk": 23, "fields": {"name": "Can delete session", "content_type": 6, "codename": "delete_session"}}, {"model": "auth.permission", "pk": 24, "fields": {"name": "Can view session", "content_type": 6, "codename": "view_session"}}, {"model": "auth.permission", "pk": 25, "fields": {"name": "Can add project", "content_type": 7, "codename": "add_project"}}, {"model": "auth.permission", "pk": 26, "fields": {"name": "Can change project", "content_type": 7, "codename": "change_project"}}, {"model": "auth.permission", "pk": 27, "fields": {"name": "Can delete project", "content_type": 7, "codename": "delete_project"}}, {"model": "auth.permission", "pk": 28, "fields": {"name": "Can view project", "content_type": 7, "codename": "view_project"}}, {"model": "auth.permission", "pk": 29, "fields": {"name": "Can add tag", "content_type": 8, "codename": "add_tag"}}, {"model": "auth.permission", "pk": 30, "fields": {"name": "Can change tag", "content_type": 8, "codename": "change_tag"}}, {"model": "auth.permission", "pk": 31, "fields": {"name": "Can delete tag", "content_type": 8, "codename": "delete_tag"}}, {"model": "auth.permission", "pk": 32, "fields": {"name": "Can view tag", "content_type": 8, "codename": "view_tag"}}, {"model": "auth.permission", "pk": 33, "fields": {"name": "Can add review", "content_type": 9, "codename": "add_review"}}, {"model": "auth.permission", "pk": 34, "fields": {"name": "Can change review", "content_type": 9, "codename": "change_review"}}, {"model": "auth.permission", "pk": 35, "fields": {"name": "Can delete review", "content_type": 9, "codename": "delete_review"}}, {"model": "auth.permission", "pk": 36, "fields": {"name": "Can view review", "content_type": 9, "codename": "view_review"}}, {"model": "auth.permission", "pk": 37, "fields": {"name": "Can add profile", "content_type": 10, "codename": "add_profile"}}, {"model": "auth.permission", "pk": 38, "fields": {"name": "Can change profile", "content_type": 10, "codename": "change_profile"}}, {"model": "auth.permission", "pk": 39, "fields": {"name": "Can delete profile", "content_type": 10, "codename": "delete_profile"}}, {"model": "auth.permission", "pk": 40, "fields": {"name": "Can view profile", "content_type": 10, "codename": "view_profile"}}, {"model": "auth.permission", "pk": 41, "fields": {"name": "Can add skill", "content_type": 11, "codename": "add_skill"}}, {"model": "auth.permission", "pk": 42, "fields": {"name": "Can change skill", "content_type": 11, "codename": "change_skill"}}, {"model": "auth.permission", "pk": 43, "fields": {"name": "Can delete skill", "content_type": 11, "codename": "delete_skill"}}, {"model": "auth.permission", "pk": 44, "fields": {"name": "Can view skill", "content_type": 11, "codename": "view_skill"}}, {"model": "auth.permission", "pk": 45, "fields": {"name": "Can add message", "content_type": 12, "codename": "add_message"}}, {"model": "auth.permission", "pk": 46, "fields": {"name": "Can change message", "content_type": 12, "codename": "change_message"}}, {"model": "auth.permission", "pk": 47, "fields": {"name": "Can delete message", "content_type": 12, "codename": "delete_message"}}, {"model": "auth.permission", "pk": 48, "fields": {"name": "Can view message", "content_type": 12, "codename": "view_message"}}, {"model": "auth.user", "pk": 1, "fields": {"password": "pbkdf2_sha256$600000$w8Ms4oQli8Z2zm7rqp6qXL$W4NcTmH1/Yl38Kt7zGW6Cw1BA386I/XxwQ8WkCCAGZg=", "last_login": "2023-12-23T20:03:29.955Z", "is_superuser": true, "username": "sherry", "first_name": "Sherry", "last_name": "Admin", "email": "sherry.andrews@outlook.com", "is_staff": true, "is_active": true, "date_joined": "2023-10-26T01:28:08Z", "groups": [], "user_permissions": []}}, {"model": "auth.user", "pk": 2, "fields": {"password": "pbkdf2_sha256$600000$qeC2Nk6XSQdsKLmd1IFpT0$pF1JceEg6GTsjtR2qrqeI4TnzyDjXwvv2FJ2zGamFRg=", "last_login": "2023-12-22T03:06:45.434Z", "is_superuser": false, "username": "devondev", "first_name": "Devon", "last_name": "Dev", "email": "devon@devmail.com", "is_staff": false, "is_active": true, "date_joined": "2023-10-28T13:25:29Z", "groups": [], "user_permissions": []}}, {"model": "auth.user", "pk": 3, "fields": {"password": "pbkdf2_sha256$600000$vYy6wEXqRxK4yTlsLwIGqy$NKjCQB6bHdiDrA0apOPGSsy37aTMwHD8J6NwvlN/j8I=", "last_login": "2023-12-24T05:21:29.881Z", "is_superuser": false, "username": "djvid", "first_name": "Dj Vid", "last_name": "Vid", "email": "djvid@email.com", "is_staff": false, "is_active": true, "date_joined": "2023-11-07T19:48:06Z", "groups": [], "user_permissions": []}}, {"model": "auth.user", "pk": 16, "fields": {"password": "pbkdf2_sha256$600000$ppLO1FnwzjY0sbuRBmRBup$qFwM3X4UtS30Qu6fIIs5XL7ianStgkZGRZ/ZEdx71qY=", "last_login": "2023-12-20T22:09:44.051Z", "is_superuser": false, "username": "piperdev", "first_name": "Laurie Piper", "last_name": "Piper", "email": "laurie@email.com", "is_staff": false, "is_active": true, "date_joined": "2023-11-23T23:52:21Z", "groups": [], "user_permissions": []}}, {"model": "auth.user", "pk": 24, "fields": {"password": "pbkdf2_sha256$600000$Z5rvL1RoAIEv9V71zbt8pm$h4gjQ6PAYZJ6Cg+OMBzYW6H1pMDQXkkX5OgxXcBNcKk=", "last_login": "2023-12-21T19:43:48.344Z", "is_superuser": false, "username": "newbiedev", "first_name": "Jay Lowe", "last_name": "", "email": "newbiedev@email.com", "is_staff": false, "is_active": true, "date_joined": "2023-12-21T19:43:46.313Z", "groups": [], "user_permissions": []}}, {"model": "contenttypes.contenttype", "pk": 1, "fields": {"app_label": "admin", "model": "logentry"}}, {"model": "contenttypes.contenttype", "pk": 2, "fields": {"app_label": "auth", "model": "permission"}}, {"model": "contenttypes.contenttype", "pk": 3, "fields": {"app_label": "auth", "model": "group"}}, {"model": "contenttypes.contenttype", "pk": 4, "fields": {"app_label": "auth", "model": "user"}}, {"model": "contenttypes.contenttype", "pk": 5, "fields": {"app_label": "contenttypes", "model": "contenttype"}}, {"model": "contenttypes.contenttype", "pk": 6, "fields": {"app_label": "sessions", "model": "session"}}, {"model": "contenttypes.contenttype", "pk": 7, "fields": {"app_label": "projects", "model": "project"}}, {"model": "contenttypes.contenttype", "pk": 8, "fields": {"app_label": "projects", "model": "tag"}}, {"model": "contenttypes.contenttype", "pk": 9, "fields": {"app_label": "projects", "model": "review"}}, {"model": "contenttypes.contenttype", "pk": 10, "fields": {"app_label": "members", "model": "profile"}}, {"model": "contenttypes.contenttype", "pk": 11, "fields": {"app_label": "members", "model": "skill"}}, {"model": "contenttypes.contenttype", "pk": 12, "fields": {"app_label": "members", "model": "message"}}, {"model": "sessions.session", "pk": "06gfw068k2kj3czeg2flaj5rj5mfvveo", "fields": {"session_data": ".eJxVjEEOwiAQRe_C2hBKkUGX7j0DmWEGqRpISrsy3l2bdKHb_977LxVxXUpcu8xxYnVWVh1-N8L0kLoBvmO9NZ1aXeaJ9KbonXZ9bSzPy-7-HRTs5Vt7SyGg8Y589ifkLIkkMATPZjACMALyMVsWM7IltslTDgjBEREMTr0_AIk4yA:1r7eGQ:m4y7MuwG4NK28DH_Yqhxx5Ok89zJZddcqosISyIoNns", "expire_date": "2023-12-11T16:15:14.470Z"}}, {"model": "sessions.session", "pk": "3jd9wjuk0uf9cro44aiu7so1hwpin7uz", "fields": {"session_data": ".eJxVjEEOwiAQRe_C2hBKkUGX7j0DmWEGqRpISrsy3l2bdKHb_977LxVxXUpcu8xxYnVWVh1-N8L0kLoBvmO9NZ1aXeaJ9KbonXZ9bSzPy-7-HRTs5Vt7SyGg8Y589ifkLIkkMATPZjACMALyMVsWM7IltslTDgjBEREMTr0_AIk4yA:1rGV0X:ChykFoijW5Qh5DlJwDoW0BuIuzQ6T4MxR2PY6YClixs", "expire_date": "2024-01-05T02:11:25.032Z"}}, {"model": "sessions.session", "pk": "3yri61gofn70ofkfynxmc5u9sr6rjfaj", "fields": {"session_data": ".eJxVjDsOwjAQBe_iGlneJP5R0nMGa-1d4wCypTipEHeHSCmgfTPzXiLgtpawdV7CTOIsQJx-t4jpwXUHdMd6azK1ui5zlLsiD9rltRE_L4f7d1Cwl2-NgIockGUFaaSoorUmaR5B--QxWzN4lxVlnqxhRzjAhDgiGR0zKy_eH_RMOIw:1qyLDe:ltoPhcrkt2FF31hDdVRvojLNjhZJEdEYyo7-hTR5J7k", "expire_date": "2023-11-16T00:05:54.687Z"}}, {"model": "sessions.session", "pk": "4ykhzwgv58kwv2nhuhbc9p8j5t34z535", "fields": {"session_data": ".eJxVjDsOwjAQBe_iGlneJP5R0nMGa-1d4wCypTipEHeHSCmgfTPzXiLgtpawdV7CTOIsQJx-t4jpwXUHdMd6azK1ui5zlLsiD9rltRE_L4f7d1Cwl2-NgIockGUFaaSoorUmaR5B--QxWzN4lxVlnqxhRzjAhDgiGR0zKy_eH_RMOIw:1qvpBg:yxFRi-vWycAfYuMvOEU8nRGLua7QNYp_ezLkrDIc02A", "expire_date": "2023-11-09T01:29:28.719Z"}}, {"model": "sessions.session", "pk": "5vprgs3zfbecz7eb12fknwnkcb5jxcji", "fields": {"session_data": ".eJxVjEEOwiAQRe_C2hBKkUGX7j0DmWEGqRpISrsy3l2bdKHb_977LxVxXUpcu8xxYnVWVh1-N8L0kLoBvmO9NZ1aXeaJ9KbonXZ9bSzPy-7-HRTs5Vt7SyGg8Y589ifkLIkkMATPZjACMALyMVsWM7IltslTDgjBEREMTr0_AIk4yA:1rClD4:iwxVS41QfufZln39Mv2z7JAP3PSx1T333smUB6asZCU", "expire_date": "2023-12-25T18:40:54.502Z"}}, {"model": "sessions.session", "pk": "70bh6qgz1jx3lsq8b3efmjirycl43on5", "fields": {"session_data": ".eJxVjDsOwjAQBe_iGlneJP5R0nMGa-1d4wCypTipEHeHSCmgfTPzXiLgtpawdV7CTOIsQJx-t4jpwXUHdMd6azK1ui5zlLsiD9rltRE_L4f7d1Cwl2-NgIockGUFaaSoorUmaR5B--QxWzN4lxVlnqxhRzjAhDgiGR0zKy_eH_RMOIw:1qxx8I:STzKZsmNa3V3OgxD_sC38Ag9nJ8BKKYG5VnOvsAdAJ0", "expire_date": "2023-11-14T22:22:46.070Z"}}, {"model": "sessions.session", "pk": "8s0prob5qbhpujh1ulbnhg6vxpxjwj9y", "fields": {"session_data": ".eJxVjDsOwjAQBe_iGlmJf3gp6XMGa71e4wCypTipEHeHSCmgfTPzXiLgtpawdV7CnMRFaHH63SLSg-sO0h3rrUlqdV3mKHdFHrTLqSV-Xg_376BgL98aRmBQyZuMCjV5RmOd8Splp7QBnWFwADxGAOf02SRjKZL1Xg0ayFnx_gDMpDbj:1rHGvZ:Yeejkm4GPwd4--JQm_segCM1smf1JRjN3fY_GkdZZzQ", "expire_date": "2024-01-07T05:21:29.884Z"}}, {"model": "sessions.session", "pk": "929w806dnkb0pwp6bs2k28p2n4025x24", "fields": {"session_data": ".eJxVjEEOwiAQRe_C2pChUKAu3XsGMsOAVA0kpV0Z765NutDtf-_9lwi4rSVsPS1hZnEWSpx-N8L4SHUHfMd6azK2ui4zyV2RB-3y2jg9L4f7d1Cwl29NamKAOGmyPtsJFGE2xhmATOiSUpC004iOBqPVwBHYjl4j-dGlwbN4fwDWmDeJ:1rBJ4e:NNxdq1hv1pamEGgkjF9A-WXw-FZWsIo1QDZHaLIbwyk", "expire_date": "2023-12-21T18:26:12.173Z"}}, {"model": "sessions.session", "pk": "973fmsh2051l21x1hbwp9ot9zjb1fn47", "fields": {"session_data": ".eJxVjEEOwiAQRe_C2hBKkUGX7j0DmWEGqRpISrsy3l2bdKHb_977LxVxXUpcu8xxYnVWVh1-N8L0kLoBvmO9NZ1aXeaJ9KbonXZ9bSzPy-7-HRTs5Vt7SyGg8Y589ifkLIkkMATPZjACMALyMVsWM7IltslTDgjBEREMTr0_AIk4yA:1rE0eG:_ndtMXUbvkr5ZaxzlQu2MIG6c75Qn8SrjvrCffbM02U", "expire_date": "2023-12-29T05:22:08.558Z"}}, {"model": "sessions.session", "pk": "eggzd6vpi3d3a7q428mv7cxn4wl27llq", "fields": {"session_data": ".eJxVjDsOwjAQBe_iGlneJP5R0nMGa-1d4wCypTipEHeHSCmgfTPzXiLgtpawdV7CTOIsQJx-t4jpwXUHdMd6azK1ui5zlLsiD9rltRE_L4f7d1Cwl2-NgIockGUFaaSoorUmaR5B--QxWzN4lxVlnqxhRzjAhDgiGR0zKy_eH_RMOIw:1r01F1:v0ewE0-_ogv4OTCQX_N9X6X54-uFW1VojyroBy862QE", "expire_date": "2023-11-20T15:10:15.770Z"}}, {"model": "sessions.session", "pk": "kld92obn0p29vibmyguzyi162jj1tsas", "fields": {"session_data": "e30:1rAfQv:xgZK0ZxPlzyw6NTL75EtCL8bRBc-pC5ZFcN9ZryYJZ0", "expire_date": "2023-12-20T00:06:33.888Z"}}, {"model": "sessions.session", "pk": "n5szdky7myeszolm0vg7t4g0sj3brgda", "fields": {"session_data": ".eJxVjEEOwiAQRe_C2hBKkUGX7j0DmWEGqRpISrsy3l2bdKHb_977LxVxXUpcu8xxYnVWVh1-N8L0kLoBvmO9NZ1aXeaJ9KbonXZ9bSzPy-7-HRTs5Vt7SyGg8Y589ifkLIkkMATPZjACMALyMVsWM7IltslTDgjBEREMTr0_AIk4yA:1r8V8Z:h7XybbPeGw52GAmDm0XlUPP2HcfwHvHOdzOouygLn0k", "expire_date": "2023-12-14T00:42:39.034Z"}}, {"model": "sessions.session", "pk": "oapqqcphazfzdjwoaeesockst1si26vm", "fields": {"session_data": ".eJxVjEEOwiAQRe_C2hBKkUGX7j0DmWEGqRpISrsy3l2bdKHb_977LxVxXUpcu8xxYnVWVh1-N8L0kLoBvmO9NZ1aXeaJ9KbonXZ9bSzPy-7-HRTs5Vt7SyGg8Y589ifkLIkkMATPZjACMALyMVsWM7IltslTDgjBEREMTr0_AIk4yA:1rFawC:suAFTWYEl0dzFC2kVUS6s5migMfXtKW7OJKXe82X7ik", "expire_date": "2024-01-02T14:19:12.279Z"}}, {"model": "sessions.session", "pk": "oiuwx37eu6xlc574provgwhe6utfmz84", "fields": {"session_data": ".eJxVjEEOwiAQRe_C2pChUKAu3XsGMsOAVA0kpV0Z765NutDtf-_9lwi4rSVsPS1hZnEWSpx-N8L4SHUHfMd6azK2ui4zyV2RB-3y2jg9L4f7d1Cwl29NamKAOGmyPtsJFGE2xhmATOiSUpC004iOBqPVwBHYjl4j-dGlwbN4fwDWmDeJ:1rEn0p:3mL-eE88s71Usm5CS69bo_OyTySXjAEmUFuGIXMPamM", "expire_date": "2023-12-31T09:00:39.242Z"}}, {"model": "sessions.session", "pk": "qi81vm81asv4yfg83zrxgxstmojn2r9p", "fields": {"session_data": ".eJxVjDsOwjAQBe_iGlmJf3gp6XMGa71e4wCypTipEHeHSCmgfTPzXiLgtpawdV7CnMRFaHH63SLSg-sO0h3rrUlqdV3mKHdFHrTLqSV-Xg_376BgL98aRmBQyZuMCjV5RmOd8Splp7QBnWFwADxGAOf02SRjKZL1Xg0ayFnx_gDMpDbj:1r8s7w:WnME4aqhJfxtiOhlv5orl3Sdc7VTm19UQX4i70F95Ro", "expire_date": "2023-12-15T01:15:32.994Z"}}, {"model": "sessions.session", "pk": "ry4c1p8j6e4iszippjrxbu544lqdafyq", "fields": {"session_data": ".eJxVjDsOwjAQBe_iGlmJf3gp6XMGa71e4wCypTipEHeHSCmgfTPzXiLgtpawdV7CnMRFaHH63SLSg-sO0h3rrUlqdV3mKHdFHrTLqSV-Xg_376BgL98aRmBQyZuMCjV5RmOd8Splp7QBnWFwADxGAOf02SRjKZL1Xg0ayFnx_gDMpDbj:1r8Vjf:AzBtavjpUwyTjyTcPXXQYOjY9dSCJWJLAxIYy4FkZb4", "expire_date": "2023-12-14T01:20:59.243Z"}}, {"model": "sessions.session", "pk": "se72c3ar9ic8ywcdidytjwrmdt8ia0m4", "fields": {"session_data": ".eJxVjDsOwjAQBe_iGlneJP5R0nMGa-1d4wCypTipEHeHSCmgfTPzXiLgtpawdV7CTOIsQJx-t4jpwXUHdMd6azK1ui5zlLsiD9rltRE_L4f7d1Cwl2-NgIockGUFaaSoorUmaR5B--QxWzN4lxVlnqxhRzjAhDgiGR0zKy_eH_RMOIw:1qybb8:_Uhvak141vGoVwYM5Fk1Q1qldBB2X91zsf5tmLUQwNU", "expire_date": "2023-11-16T17:35:14.094Z"}}, {"model": "sessions.session", "pk": "sx0li0to0isdgy5nhmpbo7czqdw38yr5", "fields": {"session_data": ".eJxVjEEOwiAQRe_C2hBKkUGX7j0DmWEGqRpISrsy3l2bdKHb_977LxVxXUpcu8xxYnVWVh1-N8L0kLoBvmO9NZ1aXeaJ9KbonXZ9bSzPy-7-HRTs5Vt7SyGg8Y589ifkLIkkMATPZjACMALyMVsWM7IltslTDgjBEREMTr0_AIk4yA:1rFi8D:XZUiAYcfkYra2TDH8_IkHjiLZkmtPxs6tTKUyX0Eb_c", "expire_date": "2024-01-02T22:00:05.348Z"}}, {"model": "sessions.session", "pk": "ud8d70bs7xgiic8u0bmff2493gye9wt3", "fields": {"session_data": ".eJxVjMsOwiAQRf-FtSHA8Cgu3fsNBJhBqgaS0q6M_65NutDtPefcFwtxW2vYBi1hRnZm0rLT75hiflDbCd5ju3Wee1uXOfFd4Qcd_NqRnpfD_TuocdRv7RU4qZCKh1QKKKtpMjlFC1agRkhZQTHREVqNiJMBi8kpiR4EFBLs_QETOjhp:1rDLmB:2yE9Gth_KUdEFEiOUo1EOQ-y_9onX-Pp2j1wBfV7TqA", "expire_date": "2023-12-27T09:43:35.427Z"}}, {"model": "sessions.session", "pk": "vgbqs9ql5mu6puziiwgxg9qverz55tpv", "fields": {"session_data": ".eJxVjDsOwjAQBe_iGln-ZG2Lkp4zWOvdDQ4gR4qTCnF3iJQC2jcz76UybmvNW5clT6zOynl1-h0L0kPaTviO7TZrmtu6TEXvij5o19eZ5Xk53L-Dir1-aw9A0YJJIkADQOKIg2Myo0toEnkfBERs4ORdQQ-W7BhcDCGmSETq_QHztTer:1rGPUq:MkCvNuyUEBiZ5PThsvoYgV4vnXTR2sldqyV6bunfHmw", "expire_date": "2024-01-04T20:18:20.324Z"}}, {"model": "sessions.session", "pk": "yult47a71s1bg007ebldnw1sj7jynuz3", "fields": {"session_data": ".eJxVjDsOwjAQBe_iGlneJP5R0nMGa-1d4wCypTipEHeHSCmgfTPzXiLgtpawdV7CTOIsQJx-t4jpwXUHdMd6azK1ui5zlLsiD9rltRE_L4f7d1Cwl2-NgIockGUFaaSoorUmaR5B--QxWzN4lxVlnqxhRzjAhDgiGR0zKy_eH_RMOIw:1qyjqU:c2WQFeNTspgRmoaZk6gGN67VpfC-7XsNh8AZXkRA0Ug", "expire_date": "2023-11-17T02:23:38.330Z"}}, {"model": "projects.project", "pk": "08c838e1-23a6-4580-9427-f82da4925fe3", "fields": {"owner": "7624eaf1-be1a-4e57-9f6d-acc82fac12db", "title": "Data Automation", "description": "Website for data Automation services.", "featured_image": "data-automation_u0nlqVv.png", "demo_link": null, "source_link": null, "vote_total": 1, "vote_ratio": 100, "created": "2023-11-24T00:28:12.841Z", "tags": ["333fa92d-ba52-41c7-82a1-3193ae3b41e4", "64f15000-e0dc-490b-ac76-6acff9200bd1", "b8c07447-34c3-4011-9a61-813a09953ba3"]}}, {"model": "projects.project", "pk": "1be9bd16-d45b-4374-ac5b-6162f1c53850", "fields": {"owner": "7624eaf1-be1a-4e57-9f6d-acc82fac12db", "title": "Blackjack CLI", "description": "Command-line classic card game written in Python.", "featured_image": "blackjack-cli_z0118mz.png", "demo_link": null, "source_link": null, "vote_total": 2, "vote_ratio": 100, "created": "2023-10-29T00:18:47.479Z", "tags": ["333fa92d-ba52-41c7-82a1-3193ae3b41e4"]}}, {"model": "projects.project", "pk": "2b4b7782-a215-45fa-9c4f-377de7138e26", "fields": {"owner": "7624eaf1-be1a-4e57-9f6d-acc82fac12db", "title": "Code Assist", "description": "Code Assistant for developers.", "featured_image": "code-assist.png", "demo_link": null, "source_link": null, "vote_total": 2, "vote_ratio": 100, "created": "2023-11-28T08:33:08.019Z", "tags": ["333fa92d-ba52-41c7-82a1-3193ae3b41e4", "64f15000-e0dc-490b-ac76-6acff9200bd1", "b8c07447-34c3-4011-9a61-813a09953ba3"]}}, {"model": "projects.project", "pk": "c6cce369-3d9c-4957-bbc3-baff1fe9b55f", "fields": {"owner": "fc8e4cff-0ce7-4767-80b9-fb842be4f9c9", "title": "Music Streaming Site", "description": "Music Streaming", "featured_image": "music-stream.png", "demo_link": null, "source_link": null, "vote_total": 0, "vote_ratio": 0, "created": "2023-11-28T08:28:57.024Z", "tags": ["16a484ab-33d4-4aa9-a24a-c10a4c3ad1a5", "333fa92d-ba52-41c7-82a1-3193ae3b41e4", "62fc75b9-09d7-4865-a075-f8d8361ebad6", "84a48269-6d88-4c13-9098-1d6bb01a6f4b"]}}, {"model": "projects.project", "pk": "e6c0f865-ad58-4839-a369-d892ceee7e0b", "fields": {"owner": "ce8749e9-dc98-4ff1-93ba-1dfc2ff7b8db", "title": "Ninja Gaming Streaming Site", "description": "Gaming Streaming Site", "featured_image": "ninja-gaming.png", "demo_link": null, "source_link": null, "vote_total": 2, "vote_ratio": 100, "created": "2023-11-28T08:27:57.781Z", "tags": ["333fa92d-ba52-41c7-82a1-3193ae3b41e4", "84a48269-6d88-4c13-9098-1d6bb01a6f4b", "8ad1f7d5-fa1d-44cb-980b-1584fc149a23"]}}, {"model": "projects.project", "pk": "e835bd54-7b94-4c9e-98e2-c4ed355ec46f", "fields": {"owner": "fc8e4cff-0ce7-4767-80b9-fb842be4f9c9", "title": "Dev Social Network", "description": "Social Network for developers.", "featured_image": "dev-social_pt04Jcg.png", "demo_link": null, "source_link": null, "vote_total": 2, "vote_ratio": 100, "created": "2023-10-30T05:51:44.463Z", "tags": ["333fa92d-ba52-41c7-82a1-3193ae3b41e4", "84a48269-6d88-4c13-9098-1d6bb01a6f4b", "b3d91122-55f1-421c-a93b-415b0a663015"]}}, {"model": "projects.project", "pk": "fd337714-bf87-44d8-884f-6fbc11577041", "fields": {"owner": "ce8749e9-dc98-4ff1-93ba-1dfc2ff7b8db", "title": "Freelancer Portfolio Site", "description": "Website with projects", "featured_image": "freelancer-site_41v7Jhw.png", "demo_link": null, "source_link": null, "vote_total": 1, "vote_ratio": 100, "created": "2023-11-27T21:26:24.649Z", "tags": ["16a484ab-33d4-4aa9-a24a-c10a4c3ad1a5", "62fc75b9-09d7-4865-a075-f8d8361ebad6", "8ad1f7d5-fa1d-44cb-980b-1584fc149a23"]}}, {"model": "projects.review", "pk": "1b64c731-58f3-4829-aae9-d5fc1874c741", "fields": {"owner": "ce8749e9-dc98-4ff1-93ba-1dfc2ff7b8db", "project": "e835bd54-7b94-4c9e-98e2-c4ed355ec46f", "body": "Love this site! A great way to share projects with other devs!", "value": "up", "created": "2023-11-29T23:19:29.514Z"}}, {"model": "projects.review", "pk": "264d0b25-49ad-4246-9a5d-8218d1b0ba77", "fields": {"owner": "fc8e4cff-0ce7-4767-80b9-fb842be4f9c9", "project": "1be9bd16-d45b-4374-ac5b-6162f1c53850", "body": "Cool!", "value": "up", "created": "2023-11-30T01:26:35.232Z"}}, {"model": "projects.review", "pk": "6407eee2-666d-4dfb-a09c-fc9a23e6a8fb", "fields": {"owner": "ce8749e9-dc98-4ff1-93ba-1dfc2ff7b8db", "project": "1be9bd16-d45b-4374-ac5b-6162f1c53850", "body": "Great CLI Game! Quite addictive I must say!", "value": "up", "created": "2023-11-29T23:46:54.353Z"}}, {"model": "projects.review", "pk": "6fe597b4-cd3c-4172-a5a1-344109933a73", "fields": {"owner": "7624eaf1-be1a-4e57-9f6d-acc82fac12db", "project": "e6c0f865-ad58-4839-a369-d892ceee7e0b", "body": "That's just sic!", "value": "up", "created": "2023-11-29T23:32:24.147Z"}}, {"model": "projects.review", "pk": "7f85acc1-5e65-4821-87d1-d2fd5c2c9f77", "fields": {"owner": "ce8749e9-dc98-4ff1-93ba-1dfc2ff7b8db", "project": "2b4b7782-a215-45fa-9c4f-377de7138e26", "body": "I'm getting great use out of this! Thanks!", "value": "up", "created": "2023-11-30T00:33:30.475Z"}}, {"model": "projects.review", "pk": "82b1dfbe-aace-465b-ae72-820dfe372040", "fields": {"owner": "80dcbdf5-e521-4890-a5f9-26583e66a190", "project": "1be9bd16-d45b-4374-ac5b-6162f1c53850", "body": "Cool!", "value": "up", "created": "2023-12-21T19:49:36.070Z"}}, {"model": "projects.review", "pk": "9ed1bce7-b149-4185-97c0-d158415cb027", "fields": {"owner": "7624eaf1-be1a-4e57-9f6d-acc82fac12db", "project": "e835bd54-7b94-4c9e-98e2-c4ed355ec46f", "body": "Looking great dude!", "value": "up", "created": "2023-11-29T23:25:52.353Z"}}, {"model": "projects.review", "pk": "a4d5bf9a-c4da-4d24-85d4-1ca9ad51eb53", "fields": {"owner": "7624eaf1-be1a-4e57-9f6d-acc82fac12db", "project": "fd337714-bf87-44d8-884f-6fbc11577041", "body": "Great professional portfolio site!", "value": "up", "created": "2023-11-29T23:26:42.181Z"}}, {"model": "projects.review", "pk": "d660cfee-cc6a-423a-8f12-67e2534f7e68", "fields": {"owner": "fc8e4cff-0ce7-4767-80b9-fb842be4f9c9", "project": "2b4b7782-a215-45fa-9c4f-377de7138e26", "body": "Awesome bro!", "value": "up", "created": "2023-12-23T18:50:35.075Z"}}, {"model": "projects.review", "pk": "e228bcd0-b9ea-474f-a0e5-b931c25b546d", "fields": {"owner": "fc8e4cff-0ce7-4767-80b9-fb842be4f9c9", "project": "08c838e1-23a6-4580-9427-f82da4925fe3", "body": "Awesome !", "value": "up", "created": "2023-11-30T18:16:27.763Z"}}, {"model": "projects.review", "pk": "f343bd78-8560-42e3-8ff3-bbfeb61dd925", "fields": {"owner": "fc8e4cff-0ce7-4767-80b9-fb842be4f9c9", "project": "e6c0f865-ad58-4839-a369-d892ceee7e0b", "body": "That's class!!", "value": "up", "created": "2023-11-30T01:21:25.761Z"}}, {"model": "projects.tag", "pk": "0607050e-3134-4c79-a0e0-ef5abfebeff9", "fields": {"name": "CSS", "created": "2023-12-23T19:11:43.910Z"}}, {"model": "projects.tag", "pk": "075cde75-e00f-4015-bbb5-d7904ad3b499", "fields": {"name": "learning", "created": "2023-11-28T08:33:08.034Z"}}, {"model": "projects.tag", "pk": "0c004691-093d-464d-8fdb-f62312384e74", "fields": {"name": ".Net", "created": "2023-11-28T08:42:14.160Z"}}, {"model": "projects.tag", "pk": "10671d13-7695-4f67-a5f6-95d0b3480156", "fields": {"name": "Machine", "created": "2023-11-28T08:33:08.027Z"}}, {"model": "projects.tag", "pk": "16a484ab-33d4-4aa9-a24a-c10a4c3ad1a5", "fields": {"name": "JavaScript", "created": "2023-10-28T21:56:03.736Z"}}, {"model": "projects.tag", "pk": "3273f8ca-f539-4ce1-a083-1eb5b53aeff7", "fields": {"name": "Flutter", "created": "2023-11-05T17:27:28.016Z"}}, {"model": "projects.tag", "pk": "333fa92d-ba52-41c7-82a1-3193ae3b41e4", "fields": {"name": "Python", "created": "2023-10-28T21:55:45.604Z"}}, {"model": "projects.tag", "pk": "49d268b1-7bd0-42af-848e-26d04228e20d", "fields": {"name": "TensorFlow", "created": "2023-11-28T08:34:59.252Z"}}, {"model": "projects.tag", "pk": "62fc75b9-09d7-4865-a075-f8d8361ebad6", "fields": {"name": "PostgreSQL", "created": "2023-11-28T08:30:27.261Z"}}, {"model": "projects.tag", "pk": "64f15000-e0dc-490b-ac76-6acff9200bd1", "fields": {"name": "Pytorch", "created": "2023-11-28T08:35:24.239Z"}}, {"model": "projects.tag", "pk": "82fb5a4f-6e80-4239-9fbe-f60119f52a08", "fields": {"name": "BI", "created": "2023-11-28T08:41:28.727Z"}}, {"model": "projects.tag", "pk": "84a48269-6d88-4c13-9098-1d6bb01a6f4b", "fields": {"name": "Django", "created": "2023-10-28T21:55:26.587Z"}}, {"model": "projects.tag", "pk": "8ad1f7d5-fa1d-44cb-980b-1584fc149a23", "fields": {"name": "React", "created": "2023-10-28T21:55:11.632Z"}}, {"model": "projects.tag", "pk": "9915f4ec-7245-433a-9005-cecfec0e905d", "fields": {"name": "Unity", "created": "2023-11-27T21:29:37.770Z"}}, {"model": "projects.tag", "pk": "aadaa948-dc0a-4dc8-88c9-eb65552590c5", "fields": {"name": "Heroku", "created": "2023-12-23T19:57:46.658Z"}}, {"model": "projects.tag", "pk": "b3d91122-55f1-421c-a93b-415b0a663015", "fields": {"name": "Bootstrap", "created": "2023-12-23T19:12:11.682Z"}}, {"model": "projects.tag", "pk": "b8c07447-34c3-4011-9a61-813a09953ba3", "fields": {"name": "NLP", "created": "2023-11-28T08:33:46.469Z"}}, {"model": "projects.tag", "pk": "c15c7173-c4fa-4986-9031-89bb0aea2222", "fields": {"name": "Pandas", "created": "2023-11-28T08:34:23.608Z"}}, {"model": "projects.tag", "pk": "cc5f3b60-7f0e-4ebb-a708-38f9f7c348b7", "fields": {"name": "Power", "created": "2023-11-28T08:41:28.722Z"}}, {"model": "members.profile", "pk": "7624eaf1-be1a-4e57-9f6d-acc82fac12db", "fields": {"member": 2, "name": "Devon", "email": "devon@devmail.com", "username": "devondev", "location": "Miami, Florida", "short_intro": "Python Developer", "bio": "Full Stack Developer with 5 years of experience specializing in Python and frontend.", "profile_image": "profiles/devon-dev-user_S3s00Rf.jpg", "social_github": "https://github.com", "social_twitter": "https://twitter.com", "social_linkedin": "https://linkedin.com", "social_stackoverflow": "https://stackoverflow.com", "social_website": null, "created": "2023-11-03T08:52:14.302Z"}}, {"model": "members.profile", "pk": "80dcbdf5-e521-4890-a5f9-26583e66a190", "fields": {"member": 24, "name": "Jay Lowe", "email": "newbiedev@email.com", "username": "newbiedev", "location": "Charlotte, North Carolina, USA", "short_intro": "Aspiring Web Dev", "bio": "Newbie Dev", "profile_image": "profiles/member-default.png", "social_github": null, "social_twitter": null, "social_linkedin": null, "social_stackoverflow": null, "social_website": null, "created": "2023-12-21T19:43:46.478Z"}}, {"model": "members.profile", "pk": "ce8749e9-dc98-4ff1-93ba-1dfc2ff7b8db", "fields": {"member": 16, "name": "Laurie Piper", "email": "laurie@email.com", "username": "piperdev", "location": "Atlanta, Georgia", "short_intro": "Certified Unity Game Developer", "bio": "Python, React, JavaScript, Unity, Blender Game Dev.", "profile_image": "profiles/rosa-harris-dev_iFDIosQ.jpg", "social_github": "https://github.com/", "social_twitter": "https://twitter.com/", "social_linkedin": "https://linkedin.com/", "social_stackoverflow": null, "social_website": "https://website.com/", "created": "2023-11-23T23:52:21.946Z"}}, {"model": "members.profile", "pk": "fc8e4cff-0ce7-4767-80b9-fb842be4f9c9", "fields": {"member": 3, "name": "Dj Vid", "email": "djvid@email.com", "username": "djvid", "location": "Miami, Florida", "short_intro": "Full Stack Developer", "bio": "Linux system Administrator, Full Stack Developer specialising in backend.", "profile_image": "profiles/dj-vid-user_jrBVklC.jpg", "social_github": "https://github.com", "social_twitter": "https://twitter.com", "social_linkedin": "https://linkedin.com", "social_stackoverflow": "https://stackoverflow.com", "social_website": null, "created": "2023-11-03T08:51:43.714Z"}}, {"model": "members.skill", "pk": "15f2f735-ebfe-4a73-b5bf-392c58a29203", "fields": {"owner": null, "name": null, "description": "", "created": "2023-11-04T22:39:15.731Z"}}, {"model": "members.skill", "pk": "1bd53891-ef9d-4e6c-be72-b6a200d9ad89", "fields": {"owner": "ce8749e9-dc98-4ff1-93ba-1dfc2ff7b8db", "name": "Three.JS", "description": "Certified Three.JS Certification", "created": "2023-12-20T22:11:09.745Z"}}, {"model": "members.skill", "pk": "1c5add28-9bad-400a-9b46-9678204815e5", "fields": {"owner": "7624eaf1-be1a-4e57-9f6d-acc82fac12db", "name": "JavaScript", "description": "Code institute Full Stack Developer Advanced Frontend", "created": "2023-11-04T22:37:33.895Z"}}, {"model": "members.skill", "pk": "33dce017-f8f5-4629-a3f9-4765ed88cc7a", "fields": {"owner": "ce8749e9-dc98-4ff1-93ba-1dfc2ff7b8db", "name": "React", "description": "Code Institute Full Stack Developer Program Advanced Frontend", "created": "2023-11-27T21:27:15.255Z"}}, {"model": "members.skill", "pk": "39ff159e-a45f-4eec-a7a7-028c7a7aec7b", "fields": {"owner": null, "name": null, "description": "", "created": "2023-11-04T22:41:51.488Z"}}, {"model": "members.skill", "pk": "46672855-ce7b-40de-a65a-8046571cee9a", "fields": {"owner": "fc8e4cff-0ce7-4767-80b9-fb842be4f9c9", "name": "Django", "description": "Django for full stack development.", "created": "2023-11-04T22:36:09.069Z"}}, {"model": "members.skill", "pk": "46ec89fd-2eb6-4b6e-a5d8-381778ea74b4", "fields": {"owner": "ce8749e9-dc98-4ff1-93ba-1dfc2ff7b8db", "name": "Python", "description": "Pybites Certified Python Developer PCPD - A\r\nPybites Certified Python Developer PCPD - P", "created": "2023-11-27T21:26:45.222Z"}}, {"model": "members.skill", "pk": "59ab456a-9190-4cf5-b1d0-3c9941aa104d", "fields": {"owner": null, "name": null, "description": "", "created": "2023-11-04T22:39:28.846Z"}}, {"model": "members.skill", "pk": "7c916573-d316-4382-af02-a5f50644218b", "fields": {"owner": "fc8e4cff-0ce7-4767-80b9-fb842be4f9c9", "name": "Linux System Admin", "description": "Certified and experienced.", "created": "2023-11-27T21:34:38.794Z"}}, {"model": "members.skill", "pk": "7e0ff551-7785-4447-b68c-e9f2a15f7f5f", "fields": {"owner": null, "name": null, "description": "", "created": "2023-11-04T22:42:06.212Z"}}, {"model": "members.skill", "pk": "8153c125-5b3e-43c6-ace2-321f583dc2ea", "fields": {"owner": null, "name": null, "description": "", "created": "2023-11-04T22:40:57.933Z"}}, {"model": "members.skill", "pk": "8830eb6c-bfe0-455c-91a8-d64374cab68d", "fields": {"owner": null, "name": null, "description": "", "created": "2023-11-04T22:41:44.573Z"}}, {"model": "members.skill", "pk": "925d96f6-3a6f-4885-87ed-51b49b1aab8d", "fields": {"owner": null, "name": null, "description": "", "created": "2023-11-04T22:39:22.129Z"}}, {"model": "members.skill", "pk": "96d8a44e-fdaa-4ebf-91ed-8a8be4950e91", "fields": {"owner": null, "name": null, "description": "", "created": "2023-11-04T22:41:36.436Z"}}, {"model": "members.skill", "pk": "ac914482-79de-4cf2-a9ce-da2a31896268", "fields": {"owner": "fc8e4cff-0ce7-4767-80b9-fb842be4f9c9", "name": "PostgreSQL", "description": "Backend Database Management", "created": "2023-11-04T22:40:02.175Z"}}, {"model": "members.skill", "pk": "b0282db1-dacc-40ff-adda-cb57875e158b", "fields": {"owner": null, "name": null, "description": "", "created": "2023-11-04T22:39:08.414Z"}}, {"model": "members.skill", "pk": "b54d85a7-ec8a-428f-a385-4fd7891bace8", "fields": {"owner": "fc8e4cff-0ce7-4767-80b9-fb842be4f9c9", "name": "Python", "description": "Self taught Python", "created": "2023-11-04T22:35:44.569Z"}}, {"model": "members.skill", "pk": "be0bd8d4-be3d-420c-a1ee-0fe116847bdb", "fields": {"owner": "7624eaf1-be1a-4e57-9f6d-acc82fac12db", "name": "Django", "description": "Code Institute Full Stack Developer Advanced Frontend", "created": "2023-11-26T15:41:59.635Z"}}, {"model": "members.skill", "pk": "c49066a8-4e2e-455e-8ee7-98913fc5c2e0", "fields": {"owner": null, "name": null, "description": "", "created": "2023-11-04T22:41:10.872Z"}}, {"model": "members.skill", "pk": "cf638e3b-cb08-416c-9d21-a7468de9a21d", "fields": {"owner": null, "name": null, "description": "", "created": "2023-11-04T22:40:32.947Z"}}, {"model": "members.skill", "pk": "dab27d12-4e8f-40a9-ab74-203f03dc5476", "fields": {"owner": "7624eaf1-be1a-4e57-9f6d-acc82fac12db", "name": "React.JS", "description": "LinkedIn React.JS.", "created": "2023-11-26T15:58:24.217Z"}}, {"model": "members.skill", "pk": "df4d16d1-76f5-41fa-946a-8d499a75b1d8", "fields": {"owner": "ce8749e9-dc98-4ff1-93ba-1dfc2ff7b8db", "name": "Unity 2D/3D", "description": "Certified Unity Professional", "created": "2023-11-27T21:28:27.719Z"}}, {"model": "members.skill", "pk": "dffe498e-6976-4d9e-b42c-2e754ebe9f20", "fields": {"owner": "7624eaf1-be1a-4e57-9f6d-acc82fac12db", "name": "Python", "description": "Python's design philosophy emphasizes the importance of the programmer's effort over the computational efficiency of the machine, which is reflected in its language construct and approach to control tools. Given these features, Python is widely used in academia for teaching computer science, data science, and software development principles, as well as in industry for rapid application development.", "created": "2023-11-04T22:37:41.900Z"}}, {"model": "members.skill", "pk": "e1357411-f2e9-4cf7-98c1-9344f9463650", "fields": {"owner": null, "name": null, "description": "", "created": "2023-11-04T22:37:03.513Z"}}, {"model": "members.skill", "pk": "fa5beee5-1d79-4651-9fcf-e1fef7862622", "fields": {"owner": null, "name": null, "description": "", "created": "2023-11-04T22:38:02.842Z"}}, {"model": "members.skill", "pk": "fe7eb193-8119-401e-837b-36ffcdd4fed3", "fields": {"owner": null, "name": null, "description": "", "created": "2023-11-04T22:40:41.315Z"}}, {"model": "members.message", "pk": "0449cab1-d63d-484f-9845-d7bcfd58c65c", "fields": {"sender": "fc8e4cff-0ce7-4767-80b9-fb842be4f9c9", "recipient": "7624eaf1-be1a-4e57-9f6d-acc82fac12db", "name": "Dj Vid", "email": "djvid@email.com", "subject": "Hello!", "body": "Yo!", "is_read": true, "created": "2023-12-02T22:53:59.157Z"}}, {"model": "members.message", "pk": "119e1660-96ee-4a87-9002-867c24d7297f", "fields": {"sender": "fc8e4cff-0ce7-4767-80b9-fb842be4f9c9", "recipient": "ce8749e9-dc98-4ff1-93ba-1dfc2ff7b8db", "name": "Dj Vid", "email": "djvid@email.com", "subject": "Unity", "body": "Hey! \r\n\r\nI got an opportunity for you. We need help with setting up a game and Unity would be the best bet!\r\n\r\nYou in?", "is_read": true, "created": "2023-12-07T17:41:53.838Z"}}, {"model": "members.message", "pk": "1e76ddf9-7cdc-477e-abd2-e6b47398bc60", "fields": {"sender": "ce8749e9-dc98-4ff1-93ba-1dfc2ff7b8db", "recipient": "fc8e4cff-0ce7-4767-80b9-fb842be4f9c9", "name": "Sam", "email": "sam@piperdev.com", "subject": "Game App", "body": "Hey, I got some work and could use someone with backend knowledge. You in?", "is_read": true, "created": "2023-11-30T23:58:35.625Z"}}, {"model": "members.message", "pk": "3b46eb62-a1f5-4e1d-b320-75eff4a0d165", "fields": {"sender": "7624eaf1-be1a-4e57-9f6d-acc82fac12db", "recipient": "fc8e4cff-0ce7-4767-80b9-fb842be4f9c9", "name": "Devon", "email": "devon@dev.com", "subject": "Another awesome Project!", "body": "Yo, I got another collaboration for us ! Ping me back and let me know if you want to jump on this one, the other project or both!", "is_read": true, "created": "2023-12-01T03:17:36.683Z"}}, {"model": "members.message", "pk": "5fbef6fb-8e68-4f53-912c-e200c9b6f4ac", "fields": {"sender": "fc8e4cff-0ce7-4767-80b9-fb842be4f9c9", "recipient": "ce8749e9-dc98-4ff1-93ba-1dfc2ff7b8db", "name": "Dj Vid Vid", "email": "djvid@email.com", "subject": "Yo", "body": "Awesome! Deets after the holidays yo!", "is_read": false, "created": "2023-12-24T01:37:43.932Z"}}, {"model": "members.message", "pk": "790d18a3-7d07-475e-b297-861542dcc1d9", "fields": {"sender": "ce8749e9-dc98-4ff1-93ba-1dfc2ff7b8db", "recipient": "fc8e4cff-0ce7-4767-80b9-fb842be4f9c9", "name": "Laurie Piper", "email": "laurie@email.com", "subject": "Unity Opportunity", "body": "Hey! Awesome! Let's do it! Send me the deets!", "is_read": true, "created": "2023-12-19T18:50:24.166Z"}}, {"model": "members.message", "pk": "8304d655-405f-4636-95c7-cf1b3af0e378", "fields": {"sender": "7624eaf1-be1a-4e57-9f6d-acc82fac12db", "recipient": "fc8e4cff-0ce7-4767-80b9-fb842be4f9c9", "name": "Devon", "email": "devon@dev.com", "subject": "Project", "body": "Yo, Want to work on a full stack with me?", "is_read": true, "created": "2023-11-30T23:56:50.154Z"}}, {"model": "members.message", "pk": "872e8122-d6f2-4bed-a29e-8e7db8533c1a", "fields": {"sender": null, "recipient": "7624eaf1-be1a-4e57-9f6d-acc82fac12db", "name": "Steve", "email": "steve@dev.com", "subject": "Joining Platform", "body": "Hey, i'm thinking about signing up for DevHub. Anything I need to get this going?\r\n\r\n-Steve", "is_read": true, "created": "2023-12-01T17:46:23.833Z"}}, {"model": "members.message", "pk": "bc5a8552-9b21-4bd1-998d-8ec3aafb0b23", "fields": {"sender": "7624eaf1-be1a-4e57-9f6d-acc82fac12db", "recipient": "fc8e4cff-0ce7-4767-80b9-fb842be4f9c9", "name": "Devon Dev", "email": "devon@devmail.com", "subject": "Yo", "body": "Yeah let's get started on that project!", "is_read": true, "created": "2023-12-22T03:12:25.268Z"}}, {"model": "members.message", "pk": "dfd83870-72d2-4451-ace0-620f326a27ed", "fields": {"sender": "7624eaf1-be1a-4e57-9f6d-acc82fac12db", "recipient": null, "name": "Devon", "email": "devon@devmail.com", "subject": "Welcome to Devhub!", "body": "Hello and welcome to Devhub! \r\n\r\nLet me know if you have any questions or would like to contribute in any way :)\r\n\r\n-Devon", "is_read": true, "created": "2023-12-21T19:42:04.838Z"}}]